2020-03-01,NYC,1
2020-03-02,NYC,1
2020-03-03,NYC,2
2020-03-04,NYC,1
2020-03-04,Westchester,10
2020-03-05,NYC,3
2020-03-05,Westchester,18
2020-03-05,Nassau,1
2020-03-06,NYC,3
2020-03-06,Westchester,37
2020-03-06,Nassau,4
2020-03-07,NYC,11
2020-03-07,Westchester,70
2020-03-07,Nassau,4
2020-03-07,Rockland,2
2020-03-07,Saratoga,2
2020-03-08,NYC,12
2020-03-08,Westchester,84
2020-03-08,Nassau,5
2020-03-08,Rockland,2
2020-03-08,Saratoga,2
2020-03-08,Ulster,1
2020-03-09,NYC,20
2020-03-09,Westchester,98
2020-03-09,Nassau,17
2020-03-09,Rockland,4
2020-03-09,Saratoga,2
2020-03-09,Ulster,1
2020-03-09,Suffolk,1
2020-03-10,Westchester,108
2020-03-10,NYC,25
2020-03-10,Nassau,19
2020-03-10,Rockland,6
2020-03-10,Saratoga,2
2020-03-10,Ulster,1
2020-03-10,Suffolk,1
2020-03-11,Westchester,121
2020-03-11,NYC,53
2020-03-11,Nassau,28
2020-03-11,Rockland,6
2020-03-11,Suffolk,6
2020-03-11,Saratoga,2
2020-03-11,Ulster,2
2020-03-12,Westchester,148
2020-03-12,NYC,95
2020-03-12,Nassau,41
2020-03-12,Suffolk,20
2020-03-12,Rockland,7
2020-03-12,Ulster,4
2020-03-12,Saratoga,3
2020-03-12,Monroe,1
2020-03-12,Albany,2
2020-03-12,Orange,1
2020-03-12,Delaware,1
2020-03-12,Dutchess,1
2020-03-12,Herkimer,1
2020-03-13,Westchester,158
2020-03-13,NYC,154
2020-03-13,Nassau,41
2020-03-13,Suffolk,28
2020-03-13,Rockland,7
2020-03-13,Ulster,4
2020-03-13,Saratoga,3
2020-03-13,Albany,4
2020-03-13,Monroe,1
2020-03-13,Orange,1
2020-03-13,Delaware,1
2020-03-13,Dutchess,1
2020-03-13,Herkimer,1
2020-03-14,NYC,269
2020-03-14,Westchester,178
2020-03-14,Nassau,79
2020-03-14,Suffolk,41
2020-03-14,Rockland,12
2020-03-14,Albany,7
2020-03-14,Orange,6
2020-03-14,Ulster,5
2020-03-14,Dutchess,4
2020-03-14,Erie,3
2020-03-14,Saratoga,3
2020-03-14,Monroe,2
2020-03-14,Tompkins,1
2020-03-14,Delaware,1
2020-03-14,Herkimer,1
2020-03-14,Tioga,1
2020-03-14,Schenectady,1
2020-03-14,Broome,1
2020-03-15,NYC,329
2020-03-15,Westchester,196
2020-03-15,Nassau,98
2020-03-15,Suffolk,47
2020-03-15,Rockland,13
2020-03-15,Albany,11
2020-03-15,Monroe,10
2020-03-15,Erie,7
2020-03-15,Dutchess,7
2020-03-15,Orange,6
2020-03-15,Ulster,5
2020-03-15,Saratoga,3
2020-03-15,Putnam,2
2020-03-15,Greene,2
2020-03-15,Allegany,2
2020-03-15,Schenectady,2
2020-03-15,Herkimer,1
2020-03-15,Tompkins,1
2020-03-15,Broome,1
2020-03-15,Delaware,1
2020-03-15,Montgomery,1
2020-03-15,Tioga,1
2020-03-16,NYC,463
2020-03-16,Westchester,220
2020-03-16,Nassau,109
2020-03-16,Suffolk,74
2020-03-16,Rockland,16
2020-03-16,Albany,15
2020-03-16,Monroe,11
2020-03-16,Orange,11
2020-03-16,Dutchess,10
2020-03-16,Erie,7
2020-03-16,Ulster,7
2020-03-16,Saratoga,5
2020-03-16,Schenectady,4
2020-03-16,Allegany,2
2020-03-16,Tompkins,2
2020-03-16,Putnam,2
2020-03-16,Onondaga,2
2020-03-16,Greene,2
2020-03-16,Broome,1
2020-03-16,Clinton,1
2020-03-16,Delaware,1
2020-03-16,Montgomery,1
2020-03-16,Herkimer,1
2020-03-16,Tioga,1
2020-03-16,Ontario,1
2020-03-17,NYC,923
2020-03-17,Westchester,380
2020-03-17,Nassau,140
2020-03-17,Suffolk,97
2020-03-17,Albany,25
2020-03-17,Rockland,22
2020-03-17,unknown,19
2020-03-17,Dutchess,16
2020-03-17,Orange,15
2020-03-17,Monroe,14
2020-03-17,Erie,11
2020-03-17,Saratoga,9
2020-03-17,Ulster,8
2020-03-17,Schenectady,5
2020-03-17,Tompkins,3
2020-03-17,Allegany,2
2020-03-17,Putnam,2
2020-03-17,Greene,2
2020-03-17,Onondaga,2
2020-03-17,Oneida,1
2020-03-17,Sullivan,1
2020-03-17,Wyoming,1
2020-03-17,Clinton,1
2020-03-17,Delaware,1
2020-03-17,Rensselaer,1
2020-03-17,Montgomery,1
2020-03-17,Genesee,1
2020-03-17,Essex,1
2020-03-17,Tioga,1
2020-03-17,Ontario,1
2020-03-17,Broome,1
2020-03-17,Herkimer,1
2020-03-18,NYC,1871
2020-03-18,Westchester,538
2020-03-18,Nassau,278
2020-03-18,Suffolk,152
2020-03-18,Albany,36
2020-03-18,Orange,32
2020-03-18,Rockland,31
2020-03-18,Erie,27
2020-03-18,Monroe,22
2020-03-18,Dutchess,20
2020-03-18,Schenectady,14
2020-03-18,Saratoga,14
2020-03-18,Ulster,9
2020-03-18,Onondaga,6
2020-03-18,Tompkins,6
2020-03-18,Rensselaer,4
2020-03-18,Montgomery,2
2020-03-18,Oneida,2
2020-03-18,Putnam,2
2020-03-18,Allegany,2
2020-03-18,Greene,2
2020-03-18,Wyoming,1
2020-03-18,Clinton,1
2020-03-18,Sullivan,1
2020-03-18,Washington,1
2020-03-18,Delaware,1
2020-03-18,Genesee,1
2020-03-18,Tioga,1
2020-03-18,Ontario,1
2020-03-18,Niagara,1
2020-03-18,Herkimer,1
2020-03-18,Chenango,1
2020-03-18,Hamilton,1
2020-03-18,Essex,1
2020-03-18,Schoharie,1
2020-03-18,Broome,1
2020-03-18,Warren,1
2020-03-19,NYC,3954
2020-03-19,Westchester,798
2020-03-19,Nassau,372
2020-03-19,Suffolk,239
2020-03-19,Rockland,53
2020-03-19,Orange,51
2020-03-19,Albany,43
2020-03-19,Dutchess,31
2020-03-19,Monroe,30
2020-03-19,Erie,28
2020-03-19,Saratoga,21
2020-03-19,unknown,18
2020-03-19,Schenectady,14
2020-03-19,Ulster,9
2020-03-19,Onondaga,7
2020-03-19,Tompkins,6
2020-03-19,Putnam,5
2020-03-19,Niagara,4
2020-03-19,Rensselaer,4
2020-03-19,Oneida,2
2020-03-19,Wyoming,2
2020-03-19,Allegany,2
2020-03-19,Schoharie,2
2020-03-19,Greene,2
2020-03-19,Montgomery,2
2020-03-19,Essex,1
2020-03-19,Broome,1
2020-03-19,Clinton,1
2020-03-19,Sullivan,1
2020-03-19,Delaware,1
2020-03-19,Washington,1
2020-03-19,Genesee,1
2020-03-19,Tioga,1
2020-03-19,Ontario,1
2020-03-19,Chenango,1
2020-03-19,Hamilton,1
2020-03-19,Herkimer,1
2020-03-19,Warren,1
2020-03-20,NYC,5151
2020-03-20,Westchester,1091
2020-03-20,Nassau,754
2020-03-20,unknown,465
2020-03-20,Suffolk,459
2020-03-20,Rockland,101
2020-03-20,Orange,84
2020-03-20,Albany,70
2020-03-20,Monroe,36
2020-03-20,Dutchess,36
2020-03-20,Erie,31
2020-03-20,Saratoga,21
2020-03-20,Schenectady,14
2020-03-20,Onondaga,13
2020-03-20,Putnam,12
2020-03-20,Tompkins,11
2020-03-20,Ulster,9
2020-03-20,Rensselaer,8
2020-03-20,Niagara,4
2020-03-20,Clinton,3
2020-03-20,Columbia,3
2020-03-20,Oneida,2
2020-03-20,Wyoming,2
2020-03-20,Allegany,2
2020-03-20,Greene,2
2020-03-20,Montgomery,2
2020-03-20,Steuben,2
2020-03-20,Schoharie,2
2020-03-20,Chenango,1
2020-03-20,Warren,1
2020-03-20,Broome,1
2020-03-20,Delaware,1
2020-03-20,Ontario,1
2020-03-20,Tioga,1
2020-03-20,Herkimer,1
2020-03-20,Genesee,1
2020-03-20,Washington,1
2020-03-20,Sullivan,1
2020-03-20,Essex,1
2020-03-20,Hamilton,1
2020-03-20,Wayne,1
2020-03-21,NYC,8115
2020-03-21,Westchester,1387
2020-03-21,Nassau,1234
2020-03-21,Suffolk,662
2020-03-21,Rockland,262
2020-03-21,Orange,163
2020-03-21,Albany,88
2020-03-21,Erie,56
2020-03-21,Dutchess,49
2020-03-21,Monroe,46
2020-03-21,Saratoga,35
2020-03-21,Onondaga,34
2020-03-21,Schenectady,32
2020-03-21,Putnam,31
2020-03-21,Rensselaer,20
2020-03-21,Ulster,18
2020-03-21,Tompkins,12
2020-03-21,Sullivan,12
2020-03-21,Niagara,9
2020-03-21,Columbia,7
2020-03-21,Clinton,4
2020-03-21,Oneida,4
2020-03-21,Ontario,4
2020-03-21,Herkimer,3
2020-03-21,Broome,3
2020-03-21,Montgomery,3
2020-03-21,Wayne,3
2020-03-21,Greene,2
2020-03-21,Wyoming,2
2020-03-21,Livingston,2
2020-03-21,Cortland,2
2020-03-21,Allegany,2
2020-03-21,Essex,2
2020-03-21,Hamilton,2
2020-03-21,Chenango,2
2020-03-21,Steuben,2
2020-03-21,Fulton,1
2020-03-21,Warren,1
2020-03-21,Schoharie,1
2020-03-21,Jefferson,1
2020-03-21,Genesee,1
2020-03-21,Washington,1
2020-03-21,Delaware,1
2020-03-21,Tioga,1
2020-03-22,NYC,10764
2020-03-22,Nassau,1900
2020-03-22,Westchester,1873
2020-03-22,Suffolk,1034
2020-03-22,Rockland,455
2020-03-22,Orange,247
2020-03-22,Albany,123
2020-03-22,Dutchess,82
2020-03-22,Monroe,68
2020-03-22,Erie,56
2020-03-22,Onondaga,45
2020-03-22,Saratoga,35
2020-03-22,Schenectady,32
2020-03-22,Putnam,31
2020-03-22,unknown,23
2020-03-22,Rensselaer,20
2020-03-22,Ulster,18
2020-03-22,Columbia,17
2020-03-22,Tompkins,15
2020-03-22,Sullivan,12
2020-03-22,Niagara,9
2020-03-22,Clinton,4
2020-03-22,Ontario,4
2020-03-22,Steuben,4
2020-03-22,Oneida,4
2020-03-22,Broome,3
2020-03-22,Montgomery,3
2020-03-22,Essex,3
2020-03-22,Herkimer,3
2020-03-22,Wayne,3
2020-03-22,Hamilton,2
2020-03-22,Chemung,2
2020-03-22,Cortland,2
2020-03-22,Oswego,2
2020-03-22,Wyoming,2
2020-03-22,Livingston,2
2020-03-22,Greene,2
2020-03-22,Chenango,2
2020-03-22,Allegany,2
2020-03-22,Fulton,1
2020-03-22,Warren,1
2020-03-22,Schoharie,1
2020-03-22,Jefferson,1
2020-03-22,Washington,1
2020-03-22,Genesee,1
2020-03-22,Delaware,1
2020-03-22,Tioga,1
2020-03-23,NYC,13119
2020-03-23,Westchester,2894
2020-03-23,Nassau,2442
2020-03-23,unknown,1524
2020-03-23,Suffolk,1458
2020-03-23,Rockland,592
2020-03-23,Orange,389
2020-03-23,Albany,127
2020-03-23,Dutchess,100
2020-03-23,Erie,87
2020-03-23,Monroe,81
2020-03-23,Saratoga,53
2020-03-23,Onondaga,53
2020-03-23,Putnam,45
2020-03-23,Schenectady,44
2020-03-23,Ulster,35
2020-03-23,Rensselaer,29
2020-03-23,Sullivan,23
2020-03-23,Columbia,17
2020-03-23,Tompkins,15
2020-03-23,Niagara,10
2020-03-23,Oneida,7
2020-03-23,Broome,7
2020-03-23,Ontario,6
2020-03-23,Clinton,6
2020-03-23,Wayne,6
2020-03-23,Steuben,5
2020-03-23,Greene,4
2020-03-23,Madison,4
2020-03-23,Wyoming,4
2020-03-23,Herkimer,4
2020-03-23,Washington,3
2020-03-23,Essex,3
2020-03-23,Delaware,3
2020-03-23,Livingston,3
2020-03-23,Chenango,3
2020-03-23,Montgomery,3
2020-03-23,Cayuga,2
2020-03-23,Hamilton,2
2020-03-23,Oswego,2
2020-03-23,Warren,2
2020-03-23,Allegany,2
2020-03-23,Chemung,2
2020-03-23,Cortland,2
2020-03-23,Jefferson,2
2020-03-23,Otsego,1
2020-03-23,Tioga,1
2020-03-23,Schoharie,1
2020-03-23,Fulton,1
2020-03-23,Genesee,1
2020-03-23,St Lawrence,1
2020-03-24,NYC,15597
2020-03-24,Westchester,3891
2020-03-24,Nassau,2869
2020-03-24,Suffolk,1880
2020-03-24,Rockland,671
2020-03-24,Orange,498
2020-03-24,Albany,146
2020-03-24,Dutchess,124
2020-03-24,Erie,114
2020-03-24,Monroe,106
2020-03-24,Putnam,82
2020-03-24,Onondaga,60
2020-03-24,Saratoga,53
2020-03-24,Schenectady,44
2020-03-24,Ulster,35
2020-03-24,Rensselaer,33
2020-03-24,Sullivan,23
2020-03-24,Columbia,18
2020-03-24,Tompkins,18
2020-03-24,Oneida,10
2020-03-24,Niagara,10
2020-03-24,Broome,9
2020-03-24,Steuben,8
2020-03-24,Wayne,6
2020-03-24,Clinton,6
2020-03-24,Ontario,6
2020-03-24,Madison,4
2020-03-24,Greene,4
2020-03-24,Wyoming,4
2020-03-24,Herkimer,4
2020-03-24,Delaware,3
2020-03-24,Chenango,3
2020-03-24,Essex,3
2020-03-24,Montgomery,3
2020-03-24,Chemung,3
2020-03-24,Washington,3
2020-03-24,Livingston,3
2020-03-24,Hamilton,2
2020-03-24,Warren,2
2020-03-24,Chautauqua,2
2020-03-24,Cayuga,2
2020-03-24,Cortland,2
2020-03-24,Oswego,2
2020-03-24,Allegany,2
2020-03-24,Jefferson,2
2020-03-24,Schoharie,1
2020-03-24,Otsego,1
2020-03-24,St Lawrence,1
2020-03-24,Fulton,1
2020-03-24,Genesee,1
2020-03-24,Tioga,1
2020-03-25,NYC,20011
2020-03-25,Westchester,4691
2020-03-25,Nassau,3285
2020-03-25,Suffolk,2260
2020-03-25,Rockland,968
2020-03-25,Orange,638
2020-03-25,Dutchess,153
2020-03-25,Albany,152
2020-03-25,Erie,146
2020-03-25,Monroe,118
2020-03-25,Putnam,84
2020-03-25,Onondaga,81
2020-03-25,Ulster,65
2020-03-25,Saratoga,64
2020-03-25,Schenectady,55
2020-03-25,Sullivan,39
2020-03-25,Rensselaer,38
2020-03-25,Tompkins,23
2020-03-25,Columbia,19
2020-03-25,Niagara,12
2020-03-25,Broome,11
2020-03-25,Steuben,11
2020-03-25,Clinton,10
2020-03-25,Oneida,10
2020-03-25,Ontario,9
2020-03-25,Wayne,7
2020-03-25,Madison,7
2020-03-25,Delaware,5
2020-03-25,Herkimer,5
2020-03-25,Essex,4
2020-03-25,Wyoming,4
2020-03-25,Montgomery,4
2020-03-25,Greene,4
2020-03-25,Washington,4
2020-03-25,Chemung,3
2020-03-25,Cortland,3
2020-03-25,Livingston,3
2020-03-25,Chenango,3
2020-03-25,Oswego,2
2020-03-25,Cayuga,2
2020-03-25,Warren,2
2020-03-25,Genesee,2
2020-03-25,Schoharie,2
2020-03-25,Allegany,2
2020-03-25,Otsego,2
2020-03-25,Hamilton,2
2020-03-25,Chautauqua,2
2020-03-25,Jefferson,2
2020-03-25,Franklin,1
2020-03-25,St Lawrence,1
2020-03-25,Fulton,1
2020-03-25,Tioga,1
2020-03-26,NYC,23112
2020-03-26,Westchester,5944
2020-03-26,Nassau,3914
2020-03-26,Suffolk,2735
2020-03-26,Rockland,1197
2020-03-26,Orange,751
2020-03-26,Erie,221
2020-03-26,Dutchess,190
2020-03-26,Albany,171
2020-03-26,Monroe,148
2020-03-26,Onondaga,111
2020-03-26,Putnam,94
2020-03-26,Ulster,78
2020-03-26,Saratoga,73
2020-03-26,Schenectady,62
2020-03-26,Sullivan,53
2020-03-26,Rensselaer,44
2020-03-26,Tompkins,32
2020-03-26,Columbia,24
2020-03-26,Broome,16
2020-03-26,Niagara,14
2020-03-26,Oneida,13
2020-03-26,Ontario,11
2020-03-26,Steuben,11
2020-03-26,Clinton,11
2020-03-26,Madison,9
2020-03-26,Wayne,8
2020-03-26,Chemung,7
2020-03-26,Wyoming,7
2020-03-26,Delaware,7
2020-03-26,Herkimer,7
2020-03-26,Greene,5
2020-03-26,Montgomery,5
2020-03-26,Essex,5
2020-03-26,St Lawrence,4
2020-03-26,Genesee,4
2020-03-26,Washington,4
2020-03-26,Jefferson,4
2020-03-26,Oswego,4
2020-03-26,Chenango,3
2020-03-26,Otsego,3
2020-03-26,Livingston,3
2020-03-26,Cortland,3
2020-03-26,Cayuga,2
2020-03-26,Hamilton,2
2020-03-26,Warren,2
2020-03-26,Allegany,2
2020-03-26,Chautauqua,2
2020-03-26,Orleans,2
2020-03-26,Tioga,2
2020-03-26,Schoharie,2
2020-03-26,Fulton,1
2020-03-26,Franklin,1
2020-03-27,NYC,26697
2020-03-27,Westchester,7187
2020-03-27,Nassau,4657
2020-03-27,Suffolk,3385
2020-03-27,Rockland,1457
2020-03-27,Orange,910
2020-03-27,Erie,310
2020-03-27,Dutchess,225
2020-03-27,Albany,187
2020-03-27,Monroe,166
2020-03-27,Onondaga,123
2020-03-27,Putnam,111
2020-03-27,Ulster,98
2020-03-27,Saratoga,93
2020-03-27,Schenectady,66
2020-03-27,Sullivan,64
2020-03-27,Tompkins,48
2020-03-27,Rensselaer,44
2020-03-27,Columbia,27
2020-03-27,Niagara,23
2020-03-27,Broome,18
2020-03-27,Madison,17
2020-03-27,Ontario,14
2020-03-27,Oneida,13
2020-03-27,Steuben,12
2020-03-27,Chemung,11
2020-03-27,Clinton,11
2020-03-27,Wayne,11
2020-03-27,Herkimer,9
2020-03-27,Delaware,8
2020-03-27,Warren,8
2020-03-27,Wyoming,7
2020-03-27,Otsego,6
2020-03-27,Greene,6
2020-03-27,Washington,6
2020-03-27,Genesee,6
2020-03-27,Essex,5
2020-03-27,Montgomery,5
2020-03-27,Chenango,4
2020-03-27,Jefferson,4
2020-03-27,Cortland,4
2020-03-27,Oswego,4
2020-03-27,St Lawrence,4
2020-03-27,Schoharie,3
2020-03-27,Livingston,3
2020-03-27,Franklin,3
2020-03-27,Orleans,3
2020-03-27,Hamilton,2
2020-03-27,Chautauqua,2
2020-03-27,Tioga,2
2020-03-27,Cayuga,2
2020-03-27,Allegany,2
2020-03-27,Fulton,1
2020-03-28,NYC,30765
2020-03-28,Westchester,7875
2020-03-28,Nassau,5537
2020-03-28,Suffolk,4138
2020-03-28,Rockland,1896
2020-03-28,Orange,1142
2020-03-28,Erie,380
2020-03-28,Dutchess,262
2020-03-28,Monroe,202
2020-03-28,Albany,195
2020-03-28,Onondaga,146
2020-03-28,Ulster,135
2020-03-28,Putnam,131
2020-03-28,Saratoga,96
2020-03-28,Schenectady,72
2020-03-28,Sullivan,72
2020-03-28,Tompkins,56
2020-03-28,Rensselaer,51
2020-03-28,Niagara,33
2020-03-28,Columbia,30
2020-03-28,Madison,29
2020-03-28,Broome,23
2020-03-28,Oneida,23
2020-03-28,Ontario,16
2020-03-28,Warren,13
2020-03-28,Steuben,13
2020-03-28,Clinton,12
2020-03-28,Chemung,12
2020-03-28,Wayne,12
2020-03-28,St Lawrence,11
2020-03-28,Oswego,10
2020-03-28,Livingston,10
2020-03-28,Washington,9
2020-03-28,Herkimer,9
2020-03-28,Delaware,8
2020-03-28,Chenango,8
2020-03-28,Cortland,8
2020-03-28,Genesee,7
2020-03-28,Chautauqua,7
2020-03-28,Otsego,7
2020-03-28,Wyoming,7
2020-03-28,Greene,7
2020-03-28,Jefferson,6
2020-03-28,Montgomery,6
2020-03-28,Tioga,6
2020-03-28,Schoharie,5
2020-03-28,Franklin,5
2020-03-28,Essex,5
2020-03-28,Orleans,3
2020-03-28,Cayuga,2
2020-03-28,Hamilton,2
2020-03-28,Allegany,2
2020-03-28,Fulton,1
2020-03-28,Cattaraugus,1
2020-03-28,Schuyler,1
2020-03-29,NYC,33768
2020-03-29,Westchester,8519
2020-03-29,Nassau,6445
2020-03-29,Suffolk,5023
2020-03-29,Rockland,2209
2020-03-29,Orange,1247
2020-03-29,Erie,414
2020-03-29,Dutchess,320
2020-03-29,Monroe,223
2020-03-29,Albany,205
2020-03-29,Onondaga,194
2020-03-29,Ulster,186
2020-03-29,Putnam,144
2020-03-29,Saratoga,108
2020-03-29,Sullivan,88
2020-03-29,Schenectady,76
2020-03-29,Tompkins,70
2020-03-29,Rensselaer,52
2020-03-29,Madison,42
2020-03-29,Niagara,38
2020-03-29,Columbia,33
2020-03-29,Broome,29
2020-03-29,Oneida,26
2020-03-29,Warren,18
2020-03-29,Ontario,18
2020-03-29,Steuben,17
2020-03-29,Chemung,15
2020-03-29,Oswego,15
2020-03-29,Chenango,15
2020-03-29,Otsego,14
2020-03-29,Clinton,14
2020-03-29,St Lawrence,13
2020-03-29,Livingston,13
2020-03-29,Wayne,12
2020-03-29,Cortland,10
2020-03-29,Herkimer,10
2020-03-29,Genesee,9
2020-03-29,Washington,9
2020-03-29,Wyoming,8
2020-03-29,Delaware,8
2020-03-29,Greene,7
2020-03-29,Tioga,7
2020-03-29,Chautauqua,7
2020-03-29,Jefferson,7
2020-03-29,Allegany,6
2020-03-29,Montgomery,6
2020-03-29,Franklin,6
2020-03-29,Schoharie,5
2020-03-29,Essex,5
2020-03-29,Cattaraugus,4
2020-03-29,Orleans,3
2020-03-29,Hamilton,2
2020-03-29,Cayuga,2
2020-03-29,Fulton,1
2020-03-29,Schuyler,1
2020-03-30,NYC,38087
2020-03-30,Westchester,9326
2020-03-30,Nassau,7344
2020-03-30,Suffolk,5791
2020-03-30,Rockland,2511
2020-03-30,Orange,1435
2020-03-30,Erie,463
2020-03-30,Dutchess,392
2020-03-30,Monroe,257
2020-03-30,Onondaga,228
2020-03-30,Albany,217
2020-03-30,Ulster,207
2020-03-30,Putnam,167
2020-03-30,Saratoga,108
2020-03-30,Sullivan,106
2020-03-30,Schenectady,80
2020-03-30,Tompkins,73
2020-03-30,Rensselaer,54
2020-03-30,Madison,49
2020-03-30,Niagara,41
2020-03-30,Columbia,36
2020-03-30,Broome,35
2020-03-30,Oneida,34
2020-03-30,St Lawrence,23
2020-03-30,Ontario,20
2020-03-30,Steuben,19
2020-03-30,Warren,18
2020-03-30,Chenango,17
2020-03-30,Clinton,17
2020-03-30,Otsego,17
2020-03-30,Wayne,15
2020-03-30,Chemung,15
2020-03-30,Livingston,15
2020-03-30,Oswego,15
2020-03-30,Delaware,12
2020-03-30,Herkimer,12
2020-03-30,Jefferson,11
2020-03-30,Genesee,11
2020-03-30,Cortland,10
2020-03-30,Greene,10
2020-03-30,Allegany,9
2020-03-30,Washington,9
2020-03-30,Wyoming,8
2020-03-30,Tioga,8
2020-03-30,Chautauqua,7
2020-03-30,Montgomery,6
2020-03-30,Schoharie,6
2020-03-30,Franklin,6
2020-03-30,Cattaraugus,6
2020-03-30,Essex,5
2020-03-30,Orleans,5
2020-03-30,Cayuga,4
2020-03-30,Lewis,2
2020-03-30,Hamilton,2
2020-03-30,Schuyler,2
2020-03-30,Fulton,1
2020-03-31,NYC,43119
2020-03-31,Westchester,9967
2020-03-31,Nassau,8544
2020-03-31,Suffolk,6713
2020-03-31,Rockland,2863
2020-03-31,Orange,1560
2020-03-31,Erie,553
2020-03-31,Dutchess,484
2020-03-31,Monroe,300
2020-03-31,Onondaga,249
2020-03-31,Albany,226
2020-03-31,Ulster,217
2020-03-31,Putnam,186
2020-03-31,Sullivan,118
2020-03-31,Saratoga,108
2020-03-31,Schenectady,85
2020-03-31,Tompkins,76
2020-03-31,Madison,62
2020-03-31,Rensselaer,55
2020-03-31,Niagara,42
2020-03-31,Columbia,41
2020-03-31,Oneida,40
2020-03-31,Broome,38
2020-03-31,St Lawrence,30
2020-03-31,Steuben,24
2020-03-31,Ontario,22
2020-03-31,Clinton,21
2020-03-31,Wayne,20
2020-03-31,Oswego,20
2020-03-31,Chemung,20
2020-03-31,Chenango,19
2020-03-31,Warren,18
2020-03-31,Otsego,18
2020-03-31,Livingston,18
2020-03-31,Greene,16
2020-03-31,Delaware,16
2020-03-31,Herkimer,12
2020-03-31,Jefferson,12
2020-03-31,Genesee,11
2020-03-31,Washington,11
2020-03-31,Allegany,10
2020-03-31,Cortland,10
2020-03-31,Wyoming,9
2020-03-31,Franklin,9
2020-03-31,Chautauqua,8
2020-03-31,Tioga,8
2020-03-31,Montgomery,7
2020-03-31,Orleans,6
2020-03-31,Schoharie,6
2020-03-31,Cattaraugus,6
2020-03-31,Essex,5
2020-03-31,Cayuga,4
2020-03-31,Lewis,2
2020-03-31,Schuyler,2
2020-03-31,Hamilton,2
2020-03-31,Fulton,1
2020-04-01,NYC,47439
2020-04-01,Westchester,10683
2020-04-01,Nassau,9554
2020-04-01,Suffolk,7605
2020-04-01,Rockland,3321
2020-04-01,Orange,1756
2020-04-01,Erie,582
2020-04-01,Dutchess,547
2020-04-01,Monroe,359
2020-04-01,Onondaga,277
2020-04-01,Albany,240
2020-04-01,Ulster,222
2020-04-01,Putnam,213
2020-04-01,Saratoga,122
2020-04-01,Sullivan,121
2020-04-01,Schenectady,93
2020-04-01,Tompkins,76
2020-04-01,Madison,68
2020-04-01,Rensselaer,55
2020-04-01,Oneida,50
2020-04-01,Niagara,46
2020-04-01,Columbia,45
2020-04-01,Broome,42
2020-04-01,Steuben,38
2020-04-01,St Lawrence,34
2020-04-01,Chenango,26
2020-04-01,Clinton,25
2020-04-01,Ontario,24
2020-04-01,Wayne,24
2020-04-01,Oswego,23
2020-04-01,Chemung,22
2020-04-01,Delaware,20
2020-04-01,Otsego,19
2020-04-01,Livingston,18
2020-04-01,Greene,18
2020-04-01,Warren,18
2020-04-01,Genesee,16
2020-04-01,Herkimer,12
2020-04-01,Jefferson,12
2020-04-01,Washington,11
2020-04-01,Cortland,11
2020-04-01,Wyoming,10
2020-04-01,Allegany,10
2020-04-01,Schoharie,9
2020-04-01,Franklin,9
2020-04-01,Chautauqua,8
2020-04-01,Tioga,8
2020-04-01,Cattaraugus,7
2020-04-01,Essex,7
2020-04-01,Montgomery,7
2020-04-01,Orleans,6
2020-04-01,Cayuga,4
2020-04-01,Lewis,2
2020-04-01,Schuyler,2
2020-04-01,Hamilton,2
2020-04-01,Seneca,2
2020-04-01,Fulton,2
2020-04-01,unknown,0
2020-04-02,Oswego,28
2020-04-02,Orange,2048
2020-04-02,Ontario,26
2020-04-02,Onondaga,301
2020-04-02,Oneida,61
2020-04-02,Niagara,91
2020-04-02,NYC,51809
2020-04-02,Nassau,10587
2020-04-02,Montgomery,9
2020-04-02,Monroe,420
2020-04-02,Madison,77
2020-04-02,Livingston,18
2020-04-02,Lewis,2
2020-04-02,Jefferson,15
2020-04-02,Herkimer,14
2020-04-02,Hamilton,2
2020-04-02,Greene,21
2020-04-02,Genesee,17
2020-04-02,Fulton,6
2020-04-02,Franklin,9
2020-04-02,Essex,7
2020-04-02,Erie,734
2020-04-02,Dutchess,667
2020-04-02,Delaware,23
2020-04-02,Cortland,14
2020-04-02,Columbia,51
2020-04-02,Clinton,26
2020-04-02,Chenango,28
2020-04-02,Chemung,22
2020-04-02,Chautauqua,8
2020-04-02,Cayuga,6
2020-04-02,Cattaraugus,8
2020-04-02,Broome,46
2020-04-02,Allegany,13
2020-04-02,Albany,253
2020-04-02,Yates,1
2020-04-02,Wyoming,15
2020-04-02,Westchester,11567
2020-04-02,Wayne,27
2020-04-02,Washington,13
2020-04-02,Warren,18
2020-04-02,Ulster,243
2020-04-02,Tompkins,87
2020-04-02,Tioga,8
2020-04-02,Sullivan,156
2020-04-02,Suffolk,8746
2020-04-02,Steuben,43
2020-04-02,St Lawrence,42
2020-04-02,Seneca,4
2020-04-02,Schuyler,3
2020-04-02,Schoharie,9
2020-04-02,Schenectady,101
2020-04-02,Saratoga,132
2020-04-02,Rockland,3751
2020-04-02,Rensselaer,67
2020-04-02,Putnam,216
2020-04-02,Otsego,21
2020-04-02,Orleans,6
2020-04-03,Albany,267
2020-04-03,Allegany,14
2020-04-03,Broome,56
2020-04-03,Cattaraugus,9
2020-04-03,Cayuga,6
2020-04-03,Chautauqua,9
2020-04-03,Chemung,35
2020-04-03,Chenango,32
2020-04-03,Clinton,30
2020-04-03,Columbia,57
2020-04-03,Cortland,14
2020-04-03,Delaware,24
2020-04-03,Dutchess,809
2020-04-03,Erie,802
2020-04-03,Essex,7
2020-04-03,Franklin,10
2020-04-03,Fulton,6
2020-04-03,Genesee,17
2020-04-03,Greene,23
2020-04-03,Hamilton,2
2020-04-03,Herkimer,14
2020-04-03,Jefferson,18
2020-04-03,Lewis,2
2020-04-03,Livingston,18
2020-04-03,Madison,78
2020-04-03,Monroe,464
2020-04-03,Montgomery,10
2020-04-03,Nassau,12024
2020-04-03,NYC,57159
2020-04-03,Niagara,94
2020-04-03,Oneida,71
2020-04-03,Onondaga,322
2020-04-03,Ontario,28
2020-04-03,Orange,2470
2020-04-03,Orleans,6
2020-04-03,Oswego,28
2020-04-03,Otsego,21
2020-04-03,Putnam,252
2020-04-03,Rensselaer,67
2020-04-03,Rockland,4289
2020-04-03,Saratoga,141
2020-04-03,Schenectady,110
2020-04-03,Schoharie,11
2020-04-03,Schuyler,3
2020-04-03,Seneca,6
2020-04-03,Steuben,46
2020-04-03,St Lawrence,48
2020-04-03,Suffolk,10154
2020-04-03,Sullivan,188
2020-04-03,Tioga,8
2020-04-03,Tompkins,93
2020-04-03,Ulster,266
2020-04-03,Warren,19
2020-04-03,Washington,15
2020-04-03,Wayne,30
2020-04-03,Westchester,12351
2020-04-03,Wyoming,15
2020-04-03,Yates,1
2020-04-04,Albany,293
2020-04-04,Allegany,16
2020-04-04,Broome,65
2020-04-04,Cattaraugus,9
2020-04-04,Cayuga,8
2020-04-04,Chautauqua,14
2020-04-04,Chemung,36
2020-04-04,Chenango,39
2020-04-04,Clinton,31
2020-04-04,Columbia,61
2020-04-04,Cortland,14
2020-04-04,Delaware,25
2020-04-04,Dutchess,938
2020-04-04,Erie,945
2020-04-04,Essex,9
2020-04-04,Franklin,10
2020-04-04,Fulton,9
2020-04-04,Genesee,21
2020-04-04,Greene,24
2020-04-04,Hamilton,2
2020-04-04,Herkimer,18
2020-04-04,Jefferson,20
2020-04-04,Lewis,2
2020-04-04,Livingston,22
2020-04-04,Madison,85
2020-04-04,Monroe,512
2020-04-04,Montgomery,13
2020-04-04,Nassau,13346
2020-04-04,NYC,63306
2020-04-04,Niagara,101
2020-04-04,Oneida,86
2020-04-04,Onondaga,349
2020-04-04,Ontario,31
2020-04-04,Orange,2863
2020-04-04,Orleans,10
2020-04-04,Oswego,30
2020-04-04,Otsego,26
2020-04-04,Putnam,283
2020-04-04,Rensselaer,73
2020-04-04,Rockland,4872
2020-04-04,Saratoga,150
2020-04-04,Schenectady,117
2020-04-04,Schoharie,11
2020-04-04,Schuyler,4
2020-04-04,Seneca,6
2020-04-04,Steuben,60
2020-04-04,St Lawrence,58
2020-04-04,Suffolk,11370
2020-04-04,Sullivan,193
2020-04-04,Tioga,8
2020-04-04,Tompkins,95
2020-04-04,Ulster,318
2020-04-04,unknown,0
2020-04-04,Warren,20
2020-04-04,Washington,17
2020-04-04,Wayne,30
2020-04-04,Westchester,13081
2020-04-04,Wyoming,18
2020-04-04,Yates,1
2020-04-05,Albany,305
2020-04-05,Allegany,16
2020-04-05,Broome,71
2020-04-05,Cattaraugus,10
2020-04-05,Cayuga,8
2020-04-05,Chautauqua,18
2020-04-05,Chemung,38
2020-04-05,Chenango,43
2020-04-05,Clinton,33
2020-04-05,Columbia,69
2020-04-05,Cortland,14
2020-04-05,Delaware,27
2020-04-05,Dutchess,1077
2020-04-05,Erie,1059
2020-04-05,Essex,9
2020-04-05,Franklin,10
2020-04-05,Fulton,9
2020-04-05,Genesee,22
2020-04-05,Greene,24
2020-04-05,Hamilton,2
2020-04-05,Herkimer,22
2020-04-05,Jefferson,26
2020-04-05,Lewis,3
2020-04-05,Livingston,24
2020-04-05,Madison,89
2020-04-05,Monroe,548
2020-04-05,Montgomery,15
2020-04-05,Nassau,14398
2020-04-05,NYC,67551
2020-04-05,Niagara,116
2020-04-05,Oneida,95
2020-04-05,Onondaga,364
2020-04-05,Ontario,32
2020-04-05,Orange,3187
2020-04-05,Orleans,11
2020-04-05,Oswego,32
2020-04-05,Otsego,29
2020-04-05,Putnam,314
2020-04-05,Rensselaer,74
2020-04-05,Rockland,5326
2020-04-05,Saratoga,150
2020-04-05,Schenectady,128
2020-04-05,Schoharie,11
2020-04-05,Schuyler,4
2020-04-05,Seneca,9
2020-04-05,Steuben,73
2020-04-05,St Lawrence,61
2020-04-05,Suffolk,13129
2020-04-05,Sullivan,193
2020-04-05,Tioga,8
2020-04-05,Tompkins,95
2020-04-05,Ulster,358
2020-04-05,Warren,25
2020-04-05,Washington,18
2020-04-05,Wayne,32
2020-04-05,Westchester,13723
2020-04-05,Wyoming,22
2020-04-05,Yates,1
2020-04-06,Albany,319
2020-04-06,Allegany,17
2020-04-06,Broome,76
2020-04-06,Cattaraugus,12
2020-04-06,Cayuga,11
2020-04-06,Chautauqua,18
2020-04-06,Chemung,47
2020-04-06,Chenango,46
2020-04-06,Clinton,36
2020-04-06,Columbia,70
2020-04-06,Cortland,14
2020-04-06,Delaware,29
2020-04-06,Dutchess,1189
2020-04-06,Erie,1163
2020-04-06,Essex,9
2020-04-06,Franklin,10
2020-04-06,Fulton,11
2020-04-06,Genesee,23
2020-04-06,Greene,24
2020-04-06,Hamilton,2
2020-04-06,Herkimer,25
2020-04-06,Jefferson,33
2020-04-06,Lewis,6
2020-04-06,Livingston,24
2020-04-06,Madison,92
2020-04-06,Monroe,574
2020-04-06,Montgomery,15
2020-04-06,Nassau,15616
2020-04-06,NYC,72181
2020-04-06,Niagara,120
2020-04-06,Oneida,100
2020-04-06,Onondaga,377
2020-04-06,Ontario,32
2020-04-06,Orange,3533
2020-04-06,Orleans,13
2020-04-06,Oswego,34
2020-04-06,Otsego,29
2020-04-06,Putnam,345
2020-04-06,Rensselaer,74
2020-04-06,Rockland,5703
2020-04-06,Saratoga,153
2020-04-06,Schenectady,138
2020-04-06,Schoharie,11
2020-04-06,Schuyler,4
2020-04-06,Seneca,9
2020-04-06,Steuben,75
2020-04-06,St Lawrence,61
2020-04-06,Suffolk,14185
2020-04-06,Sullivan,253
2020-04-06,Tioga,8
2020-04-06,Tompkins,102
2020-04-06,Ulster,382
2020-04-06,Warren,26
2020-04-06,Washington,19
2020-04-06,Wayne,34
2020-04-06,Westchester,14294
2020-04-06,Wyoming,23
2020-04-06,Yates,1
2020-04-07,Albany,333
2020-04-07,Allegany,17
2020-04-07,Broome,86
2020-04-07,Cattaraugus,13
2020-04-07,Cayuga,14
2020-04-07,Chautauqua,18
2020-04-07,Chemung,49
2020-04-07,Chenango,51
2020-04-07,Clinton,37
2020-04-07,Columbia,72
2020-04-07,Cortland,16
2020-04-07,Delaware,36
2020-04-07,Dutchess,1249
2020-04-07,Erie,1235
2020-04-07,Essex,9
2020-04-07,Franklin,10
2020-04-07,Fulton,13
2020-04-07,Genesee,33
2020-04-07,Greene,24
2020-04-07,Hamilton,2
2020-04-07,Herkimer,27
2020-04-07,Jefferson,39
2020-04-07,Lewis,6
2020-04-07,Livingston,24
2020-04-07,Madison,92
2020-04-07,Monroe,596
2020-04-07,Montgomery,18
2020-04-07,Nassau,16610
2020-04-07,NYC,76876
2020-04-07,Niagara,126
2020-04-07,Oneida,118
2020-04-07,Onondaga,397
2020-04-07,Ontario,33
2020-04-07,Orange,3829
2020-04-07,Orleans,15
2020-04-07,Oswego,34
2020-04-07,Otsego,34
2020-04-07,Putnam,402
2020-04-07,Rensselaer,88
2020-04-07,Rockland,5990
2020-04-07,Saratoga,155
2020-04-07,Schenectady,145
2020-04-07,Schoharie,12
2020-04-07,Schuyler,4
2020-04-07,Seneca,10
2020-04-07,Steuben,75
2020-04-07,St Lawrence,61
2020-04-07,Suffolk,15561
2020-04-07,Sullivan,270
2020-04-07,Tioga,8
2020-04-07,Tompkins,103
2020-04-07,Ulster,398
2020-04-07,Warren,31
2020-04-07,Washington,19
2020-04-07,Wayne,35
2020-04-07,Westchester,14804
2020-04-07,Wyoming,23
2020-04-07,Yates,1
2020-04-08,Albany,342
2020-04-08,Allegany,21
2020-04-08,Broome,93
2020-04-08,Cattaraugus,15
2020-04-08,Cayuga,14
2020-04-08,Chautauqua,18
2020-04-08,Chemung,55
2020-04-08,Chenango,53
2020-04-08,Clinton,39
2020-04-08,Columbia,76
2020-04-08,Cortland,16
2020-04-08,Delaware,37
2020-04-08,Dutchess,1395
2020-04-08,Erie,1345
2020-04-08,Essex,9
2020-04-08,Franklin,10
2020-04-08,Fulton,14
2020-04-08,Genesee,47
2020-04-08,Greene,31
2020-04-08,Hamilton,2
2020-04-08,Herkimer,29
2020-04-08,Jefferson,42
2020-04-08,Lewis,6
2020-04-08,Livingston,29
2020-04-08,Madison,92
2020-04-08,Monroe,651
2020-04-08,Montgomery,18
2020-04-08,Nassau,18548
2020-04-08,NYC,81803
2020-04-08,Niagara,155
2020-04-08,Oneida,125
2020-04-08,Onondaga,422
2020-04-08,Ontario,39
2020-04-08,Orange,4075
2020-04-08,Orleans,16
2020-04-08,Oswego,34
2020-04-08,Otsego,38
2020-04-08,Putnam,427
2020-04-08,Rensselaer,88
2020-04-08,Rockland,6413
2020-04-08,Saratoga,162
2020-04-08,Schenectady,149
2020-04-08,Schoharie,12
2020-04-08,Schuyler,4
2020-04-08,Seneca,12
2020-04-08,Steuben,87
2020-04-08,St Lawrence,78
2020-04-08,Suffolk,17008
2020-04-08,Sullivan,296
2020-04-08,Tioga,15
2020-04-08,Tompkins,105
2020-04-08,Ulster,462
2020-04-08,Warren,33
2020-04-08,Washington,20
2020-04-08,Wayne,39
2020-04-08,Westchester,15887
2020-04-08,Wyoming,27
2020-04-08,Yates,1
2020-04-09,Albany,379
2020-04-09,Allegany,22
2020-04-09,Broome,105
2020-04-09,Cattaraugus,17
2020-04-09,Cayuga,16
2020-04-09,Chautauqua,22
2020-04-09,Chemung,59
2020-04-09,Chenango,55
2020-04-09,Clinton,40
2020-04-09,Columbia,83
2020-04-09,Cortland,16
2020-04-09,Delaware,37
2020-04-09,Dutchess,1493
2020-04-09,Erie,1440
2020-04-09,Essex,8
2020-04-09,Franklin,11
2020-04-09,Fulton,15
2020-04-09,Genesee,56
2020-04-09,Greene,31
2020-04-09,Hamilton,3
2020-04-09,Herkimer,32
2020-04-09,Jefferson,42
2020-04-09,Lewis,6
2020-04-09,Livingston,29
2020-04-09,Madison,102
2020-04-09,Monroe,698
2020-04-09,Montgomery,28
2020-04-09,Nassau,20140
2020-04-09,NYC,87028
2020-04-09,Niagara,155
2020-04-09,Oneida,158
2020-04-09,Onondaga,442
2020-04-09,Ontario,43
2020-04-09,Orange,4309
2020-04-09,Orleans,22
2020-04-09,Oswego,36
2020-04-09,Otsego,39
2020-04-09,Putnam,456
2020-04-09,Rensselaer,102
2020-04-09,Rockland,6665
2020-04-09,Saratoga,172
2020-04-09,Schenectady,167
2020-04-09,Schoharie,12
2020-04-09,Schuyler,4
2020-04-09,Seneca,15
2020-04-09,Steuben,92
2020-04-09,St Lawrence,82
2020-04-09,Suffolk,18803
2020-04-09,Sullivan,296
2020-04-09,Tioga,17
2020-04-09,Tompkins,107
2020-04-09,Ulster,462
2020-04-09,Warren,40
2020-04-09,Washington,25
2020-04-09,Wayne,39
2020-04-09,Westchester,17004
2020-04-09,Wyoming,29
2020-04-09,Yates,1
2020-04-10,Albany,426
2020-04-10,Allegany,26
2020-04-10,Broome,112
2020-04-10,Cattaraugus,18
2020-04-10,Cayuga,27
2020-04-10,Chautauqua,22
2020-04-10,Chemung,59
2020-04-10,Chenango,60
2020-04-10,Clinton,43
2020-04-10,Columbia,84
2020-04-10,Cortland,17
2020-04-10,Delaware,39
2020-04-10,Dutchess,1598
2020-04-10,Erie,1498
2020-04-10,Essex,10
2020-04-10,Franklin,11
2020-04-10,Fulton,18
2020-04-10,Genesee,65
2020-04-10,Greene,34
2020-04-10,Hamilton,3
2020-04-10,Herkimer,36
2020-04-10,Jefferson,43
2020-04-10,Lewis,6
2020-04-10,Livingston,29
2020-04-10,Madison,102
2020-04-10,Monroe,742
2020-04-10,Montgomery,29
2020-04-10,Nassau,21512
2020-04-10,NYC,92384
2020-04-10,Niagara,156
2020-04-10,Oneida,172
2020-04-10,Onondaga,456
2020-04-10,Ontario,51
2020-04-10,Orange,4532
2020-04-10,Orleans,24
2020-04-10,Oswego,36
2020-04-10,Otsego,41
2020-04-10,Putnam,487
2020-04-10,Rensselaer,102
2020-04-10,Rockland,7122
2020-04-10,Saratoga,182
2020-04-10,Schenectady,191
2020-04-10,Schoharie,12
2020-04-10,Schuyler,5
2020-04-10,Seneca,15
2020-04-10,Steuben,117
2020-04-10,St Lawrence,82
2020-04-10,Suffolk,20320
2020-04-10,Sullivan,318
2020-04-10,Tioga,18
2020-04-10,Tompkins,107
2020-04-10,Ulster,530
2020-04-10,Warren,43
2020-04-10,Washington,26
2020-04-10,Wayne,41
2020-04-10,Westchester,18077
2020-04-10,Wyoming,30
2020-04-10,Yates,2
