2020-03-04,Fort Bend,1
2020-03-05,Fort Bend,1
2020-03-05,Harris,2
2020-03-06,Fort Bend,3
2020-03-06,Harris,3
2020-03-06,Harris,2
2020-03-06,Montgomery,1
2020-03-07,Fort Bend,3
2020-03-07,Harris,3
2020-03-07,Harris,2
2020-03-07,Montgomery,1
2020-03-08,Fort Bend,6
2020-03-08,Harris,3
2020-03-08,Harris,2
2020-03-08,Montgomery,1
2020-03-09,Fort Bend,6
2020-03-09,Harris,4
2020-03-09,Harris,2
2020-03-09,Collin,1
2020-03-10,Fort Bend,6
2020-03-10,Harris,4
2020-03-10,Harris,2
2020-03-10,Collin,3
2020-03-10,Gregg,1
2020-03-11,Fort Bend,6
2020-03-11,Harris,5
2020-03-11,Harris,2
2020-03-11,Collin,3
2020-03-11,Gregg,1
2020-03-11,Dallas,3
2020-03-11,Tarrant,1
2020-03-11,Montgomery,1
2020-03-12,Fort Bend,6
2020-03-12,Harris,6
2020-03-12,Harris,3
2020-03-12,Collin,4
2020-03-12,Montgomery,3
2020-03-12,Dallas,8
2020-03-12,Gregg,1
2020-03-12,Tarrant,1
2020-03-13,Harris,10
2020-03-13,Fort Bend,9
2020-03-13,Dallas,9
2020-03-13,Collin,5
2020-03-13,Tarrant,3
2020-03-13,Montgomery,3
2020-03-13,Travis,3
2020-03-13,Smith,3
2020-03-13,Gregg,1
2020-03-13,Bexar,1
2020-03-13,El Paso,1
2020-03-13,Bell,1
2020-03-14,Harris,11
2020-03-14,Dallas,11
2020-03-14,Fort Bend,9
2020-03-14,Collin,7
2020-03-14,Montgomery,4
2020-03-14,Tarrant,4
2020-03-14,Smith,4
2020-03-14,Travis,3
2020-03-14,Brazoria,2
2020-03-14,Bexar,2
2020-03-14,Galveston,1
2020-03-14,Bell,1
2020-03-14,Lavaca,1
2020-03-14,Hays,1
2020-03-14,Gregg,1
2020-03-14,El Paso,1
2020-03-15,Dallas,14
2020-03-15,Harris,13
2020-03-15,Fort Bend,9
2020-03-15,Collin,8
2020-03-15,Travis,6
2020-03-15,Smith,4
2020-03-15,Montgomery,4
2020-03-15,Tarrant,4
2020-03-15,Bexar,3
2020-03-15,El Paso,2
2020-03-15,Brazoria,2
2020-03-15,Gregg,1
2020-03-15,Lavaca,1
2020-03-15,Hays,1
2020-03-15,Matagorda,1
2020-03-15,Galveston,1
2020-03-15,Denton,1
2020-03-15,Bell,1
2020-03-16,Dallas,19
2020-03-16,Harris,13
2020-03-16,Travis,10
2020-03-16,Fort Bend,9
2020-03-16,Collin,8
2020-03-16,Tarrant,5
2020-03-16,Bexar,4
2020-03-16,Montgomery,4
2020-03-16,Smith,4
2020-03-16,Hays,3
2020-03-16,El Paso,3
2020-03-16,Brazoria,2
2020-03-16,Bell,2
2020-03-16,Matagorda,2
2020-03-16,Webb,1
2020-03-16,Galveston,1
2020-03-16,Gregg,1
2020-03-16,Bowie,1
2020-03-16,Rusk,1
2020-03-16,Denton,1
2020-03-16,Lavaca,1
2020-03-17,Dallas,28
2020-03-17,Travis,17
2020-03-17,Harris,16
2020-03-17,Bexar,11
2020-03-17,Fort Bend,10
2020-03-17,Collin,8
2020-03-17,Tarrant,6
2020-03-17,Smith,5
2020-03-17,Montgomery,4
2020-03-17,Hays,3
2020-03-17,Bell,3
2020-03-17,Matagorda,3
2020-03-17,El Paso,3
2020-03-17,Lubbock,2
2020-03-17,Denton,2
2020-03-17,Brazoria,2
2020-03-17,Galveston,2
2020-03-17,Gregg,1
2020-03-17,Lavaca,1
2020-03-17,Webb,1
2020-03-17,Brazos,1
2020-03-17,Ellis,1
2020-03-17,Bowie,1
2020-03-17,Rusk,1
2020-03-18,Dallas,39
2020-03-18,Bexar,25
2020-03-18,Travis,23
2020-03-18,Harris,18
2020-03-18,Collin,13
2020-03-18,Fort Bend,12
2020-03-18,Harris,10
2020-03-18,Tarrant,8
2020-03-18,Montgomery,7
2020-03-18,Bell,5
2020-03-18,McLennan,5
2020-03-18,Denton,5
2020-03-18,Hays,5
2020-03-18,Smith,5
2020-03-18,Williamson,4
2020-03-18,Brazoria,4
2020-03-18,Galveston,4
2020-03-18,Brazos,3
2020-03-18,Matagorda,3
2020-03-18,Lubbock,3
2020-03-18,El Paso,3
2020-03-18,Potter,2
2020-03-18,Cameron,2
2020-03-18,Brown,1
2020-03-18,Webb,1
2020-03-18,Comal,1
2020-03-18,Ellis,1
2020-03-18,Fannin,1
2020-03-18,Gregg,1
2020-03-18,Bowie,1
2020-03-18,DeWitt,1
2020-03-18,Grimes,1
2020-03-18,Van Zandt,1
2020-03-18,Johnson,1
2020-03-18,Rusk,1
2020-03-18,Wichita,1
2020-03-18,Jefferson,1
2020-03-18,Lavaca,1
2020-03-19,Dallas,59
2020-03-19,Travis,41
2020-03-19,Harris,35
2020-03-19,Bexar,29
2020-03-19,Tarrant,19
2020-03-19,Fort Bend,19
2020-03-19,Collin,18
2020-03-19,Denton,9
2020-03-19,Montgomery,9
2020-03-19,Williamson,8
2020-03-19,McLennan,7
2020-03-19,El Paso,6
2020-03-19,Bell,6
2020-03-19,Smith,5
2020-03-19,Hays,5
2020-03-19,Galveston,4
2020-03-19,Brazos,4
2020-03-19,Brazoria,4
2020-03-19,Matagorda,3
2020-03-19,Wichita,3
2020-03-19,Lubbock,3
2020-03-19,unknown,3
2020-03-19,Randall,2
2020-03-19,Jefferson,1
2020-03-19,Crane,1
2020-03-19,Brown,1
2020-03-19,Webb,1
2020-03-19,Comal,1
2020-03-19,Castro,1
2020-03-19,Ellis,1
2020-03-19,Fannin,1
2020-03-19,Gregg,1
2020-03-19,Grimes,1
2020-03-19,Van Zandt,1
2020-03-19,Johnson,1
2020-03-19,Lamar,1
2020-03-19,Rusk,1
2020-03-19,Oldham,1
2020-03-19,Cameron,1
2020-03-19,Lavaca,1
2020-03-19,Bowie,1
2020-03-19,DeWitt,1
2020-03-19,Midland,1
2020-03-20,Dallas,74
2020-03-20,Travis,58
2020-03-20,Harris,36
2020-03-20,Tarrant,29
2020-03-20,Bexar,29
2020-03-20,Collin,27
2020-03-20,Fort Bend,24
2020-03-20,Harris,19
2020-03-20,Denton,15
2020-03-20,McLennan,13
2020-03-20,Montgomery,10
2020-03-20,Brazoria,10
2020-03-20,Williamson,8
2020-03-20,Bell,7
2020-03-20,Hays,6
2020-03-20,El Paso,6
2020-03-20,Brazos,6
2020-03-20,Galveston,6
2020-03-20,Smith,5
2020-03-20,Wichita,4
2020-03-20,Matagorda,3
2020-03-20,unknown,3
2020-03-20,Brown,2
2020-03-20,Lubbock,2
2020-03-20,Randall,2
2020-03-20,Comal,2
2020-03-20,Fayette,1
2020-03-20,Lavaca,1
2020-03-20,Midland,1
2020-03-20,Bowie,1
2020-03-20,DeWitt,1
2020-03-20,Rusk,1
2020-03-20,Hockley,1
2020-03-20,Kendall,1
2020-03-20,Jefferson,1
2020-03-20,Crane,1
2020-03-20,Milam,1
2020-03-20,Castro,1
2020-03-20,Ellis,1
2020-03-20,Lamar,1
2020-03-20,Guadalupe,1
2020-03-20,Gregg,1
2020-03-20,Fannin,1
2020-03-20,Webb,1
2020-03-20,Cameron,1
2020-03-20,Oldham,1
2020-03-20,Johnson,1
2020-03-20,Van Zandt,1
2020-03-20,Grimes,1
2020-03-21,Dallas,95
2020-03-21,Harris,68
2020-03-21,Travis,62
2020-03-21,Tarrant,42
2020-03-21,Bexar,39
2020-03-21,Collin,31
2020-03-21,Fort Bend,29
2020-03-21,Denton,24
2020-03-21,McLennan,16
2020-03-21,Brazoria,14
2020-03-21,Montgomery,13
2020-03-21,Brazos,10
2020-03-21,Smith,10
2020-03-21,Lubbock,9
2020-03-21,Williamson,9
2020-03-21,Bell,8
2020-03-21,Galveston,8
2020-03-21,El Paso,7
2020-03-21,Cameron,6
2020-03-21,Hays,6
2020-03-21,Wichita,4
2020-03-21,Hockley,3
2020-03-21,Matagorda,3
2020-03-21,Ellis,3
2020-03-21,Randall,2
2020-03-21,Grimes,2
2020-03-21,Johnson,2
2020-03-21,Castro,2
2020-03-21,Comal,2
2020-03-21,Brown,2
2020-03-21,Jefferson,2
2020-03-21,Lamar,1
2020-03-21,Milam,1
2020-03-21,Hidalgo,1
2020-03-21,DeWitt,1
2020-03-21,Bowie,1
2020-03-21,Lavaca,1
2020-03-21,Fayette,1
2020-03-21,Oldham,1
2020-03-21,Upshur,1
2020-03-21,Webb,1
2020-03-21,Gregg,1
2020-03-21,Fannin,1
2020-03-21,Van Zandt,1
2020-03-21,Nueces,1
2020-03-21,Midland,1
2020-03-21,Liberty,1
2020-03-21,Rusk,1
2020-03-21,Medina,1
2020-03-21,Kendall,1
2020-03-21,Deaf Smith,1
2020-03-21,Chambers,1
2020-03-21,Guadalupe,1
2020-03-21,Wharton,1
2020-03-21,Crane,1
2020-03-22,Dallas,131
2020-03-22,Travis,79
2020-03-22,Harris,74
2020-03-22,Tarrant,47
2020-03-22,Bexar,46
2020-03-22,Collin,38
2020-03-22,Denton,30
2020-03-22,Fort Bend,29
2020-03-22,McLennan,16
2020-03-22,Brazoria,14
2020-03-22,Montgomery,13
2020-03-22,Brazos,12
2020-03-22,Galveston,11
2020-03-22,Bell,10
2020-03-22,Smith,10
2020-03-22,El Paso,9
2020-03-22,Williamson,9
2020-03-22,Lubbock,9
2020-03-22,Hays,7
2020-03-22,Cameron,6
2020-03-22,Ellis,5
2020-03-22,Wichita,5
2020-03-22,Webb,4
2020-03-22,Hockley,3
2020-03-22,Jefferson,3
2020-03-22,Matagorda,3
2020-03-22,Castro,2
2020-03-22,Brown,2
2020-03-22,Johnson,2
2020-03-22,Randall,2
2020-03-22,Hidalgo,2
2020-03-22,Comal,2
2020-03-22,Atascosa,2
2020-03-22,Guadalupe,2
2020-03-22,Hardin,2
2020-03-22,Grimes,2
2020-03-22,Deaf Smith,1
2020-03-22,Lamar,1
2020-03-22,Walker,1
2020-03-22,Milam,1
2020-03-22,DeWitt,1
2020-03-22,Bowie,1
2020-03-22,Lavaca,1
2020-03-22,Fayette,1
2020-03-22,Oldham,1
2020-03-22,Grayson,1
2020-03-22,Gregg,1
2020-03-22,Burnet,1
2020-03-22,Fannin,1
2020-03-22,Van Zandt,1
2020-03-22,Nueces,1
2020-03-22,Midland,1
2020-03-22,Liberty,1
2020-03-22,Rusk,1
2020-03-22,Medina,1
2020-03-22,Kendall,1
2020-03-22,Chambers,1
2020-03-22,Parker,1
2020-03-22,Maverick,1
2020-03-22,Wharton,1
2020-03-22,Crane,1
2020-03-23,Dallas,155
2020-03-23,Travis,86
2020-03-23,Harris,78
2020-03-23,Bexar,57
2020-03-23,Tarrant,57
2020-03-23,Collin,45
2020-03-23,Fort Bend,42
2020-03-23,Denton,36
2020-03-23,McLennan,20
2020-03-23,Montgomery,19
2020-03-23,Galveston,18
2020-03-23,Brazoria,16
2020-03-23,Bell,16
2020-03-23,Williamson,14
2020-03-23,Brazos,12
2020-03-23,Smith,10
2020-03-23,Lubbock,9
2020-03-23,El Paso,9
2020-03-23,Hays,7
2020-03-23,Nueces,6
2020-03-23,Cameron,6
2020-03-23,Jefferson,6
2020-03-23,Ellis,6
2020-03-23,Wichita,5
2020-03-23,Matagorda,4
2020-03-23,Webb,4
2020-03-23,Comal,3
2020-03-23,Hockley,3
2020-03-23,Grayson,2
2020-03-23,Brown,2
2020-03-23,Johnson,2
2020-03-23,Grimes,2
2020-03-23,Atascosa,2
2020-03-23,Hidalgo,2
2020-03-23,Milam,2
2020-03-23,Castro,2
2020-03-23,Randall,2
2020-03-23,Hardin,2
2020-03-23,Guadalupe,2
2020-03-23,Potter,2
2020-03-23,Orange,1
2020-03-23,Erath,1
2020-03-23,Chambers,1
2020-03-23,Robertson,1
2020-03-23,Fannin,1
2020-03-23,Midland,1
2020-03-23,Liberty,1
2020-03-23,Eastland,1
2020-03-23,Falls,1
2020-03-23,Parker,1
2020-03-23,Rusk,1
2020-03-23,Crane,1
2020-03-23,Medina,1
2020-03-23,Gregg,1
2020-03-23,Burnet,1
2020-03-23,Kendall,1
2020-03-23,Blanco,1
2020-03-23,Deaf Smith,1
2020-03-23,Wharton,1
2020-03-23,Lamar,1
2020-03-23,Fayette,1
2020-03-23,Oldham,1
2020-03-23,Waller,1
2020-03-23,Lavaca,1
2020-03-23,Gaines,1
2020-03-23,Walker,1
2020-03-23,Van Zandt,1
2020-03-23,Bowie,1
2020-03-23,DeWitt,1
2020-03-23,Maverick,1
2020-03-24,Dallas,169
2020-03-24,Harris,134
2020-03-24,Travis,98
2020-03-24,Tarrant,71
2020-03-24,Bexar,69
2020-03-24,Collin,53
2020-03-24,Denton,51
2020-03-24,Fort Bend,46
2020-03-24,Brazoria,28
2020-03-24,McLennan,24
2020-03-24,Montgomery,23
2020-03-24,Galveston,22
2020-03-24,Bell,18
2020-03-24,El Paso,16
2020-03-24,Brazos,16
2020-03-24,Williamson,14
2020-03-24,Smith,14
2020-03-24,Lubbock,13
2020-03-24,Nueces,10
2020-03-24,Wichita,8
2020-03-24,Hays,7
2020-03-24,Ellis,7
2020-03-24,Jefferson,6
2020-03-24,Matagorda,6
2020-03-24,Cameron,6
2020-03-24,Comal,5
2020-03-24,Hidalgo,5
2020-03-24,Webb,5
2020-03-24,Hockley,5
2020-03-24,Guadalupe,4
2020-03-24,Johnson,3
2020-03-24,Potter,3
2020-03-24,Victoria,3
2020-03-24,Midland,3
2020-03-24,Wharton,3
2020-03-24,Brown,2
2020-03-24,Kaufman,2
2020-03-24,Grayson,2
2020-03-24,Castro,2
2020-03-24,Grimes,2
2020-03-24,Randall,2
2020-03-24,Hardin,2
2020-03-24,Rusk,2
2020-03-24,DeWitt,2
2020-03-24,Atascosa,2
2020-03-24,Milam,2
2020-03-24,Oldham,1
2020-03-24,Robertson,1
2020-03-24,Hunt,1
2020-03-24,Hopkins,1
2020-03-24,Fayette,1
2020-03-24,Lavaca,1
2020-03-24,Gregg,1
2020-03-24,Crane,1
2020-03-24,Gaines,1
2020-03-24,Bowie,1
2020-03-24,Burnet,1
2020-03-24,Fannin,1
2020-03-24,Morris,1
2020-03-24,Terry,1
2020-03-24,Bastrop,1
2020-03-24,Coryell,1
2020-03-24,Van Zandt,1
2020-03-24,Orange,1
2020-03-24,Erath,1
2020-03-24,Limestone,1
2020-03-24,Liberty,1
2020-03-24,Eastland,1
2020-03-24,Cass,1
2020-03-24,Falls,1
2020-03-24,Medina,1
2020-03-24,Kendall,1
2020-03-24,Blanco,1
2020-03-24,Llano,1
2020-03-24,Deaf Smith,1
2020-03-24,Waller,1
2020-03-24,Lamar,1
2020-03-24,Chambers,1
2020-03-24,Parker,1
2020-03-24,Walker,1
2020-03-24,Hale,1
2020-03-24,Maverick,1
2020-03-24,Tom Green,1
2020-03-25,Dallas,247
2020-03-25,Harris,185
2020-03-25,Travis,119
2020-03-25,Tarrant,90
2020-03-25,Bexar,84
2020-03-25,Denton,70
2020-03-25,Collin,66
2020-03-25,Fort Bend,54
2020-03-25,Brazoria,33
2020-03-25,Montgomery,31
2020-03-25,McLennan,28
2020-03-25,Galveston,27
2020-03-25,El Paso,25
2020-03-25,Williamson,22
2020-03-25,Brazos,21
2020-03-25,Bell,19
2020-03-25,Smith,16
2020-03-25,Nueces,14
2020-03-25,Lubbock,13
2020-03-25,Webb,11
2020-03-25,Hays,10
2020-03-25,Wichita,10
2020-03-25,Guadalupe,8
2020-03-25,Hidalgo,8
2020-03-25,Comal,7
2020-03-25,Cameron,7
2020-03-25,Ellis,7
2020-03-25,Jefferson,6
2020-03-25,Matagorda,6
2020-03-25,Castro,5
2020-03-25,Hockley,5
2020-03-25,Midland,4
2020-03-25,Gregg,3
2020-03-25,Johnson,3
2020-03-25,Brown,3
2020-03-25,Victoria,3
2020-03-25,Potter,3
2020-03-25,Terry,3
2020-03-25,Wharton,3
2020-03-25,Calhoun,2
2020-03-25,Kaufman,2
2020-03-25,Rusk,2
2020-03-25,Tom Green,2
2020-03-25,Llano,2
2020-03-25,San Patricio,2
2020-03-25,Randall,2
2020-03-25,Hardin,2
2020-03-25,ROCKWALL,2
2020-03-25,DeWitt,2
2020-03-25,Grimes,2
2020-03-25,Grayson,2
2020-03-25,Milam,2
2020-03-25,Atascosa,2
2020-03-25,Young,1
2020-03-25,Oldham,1
2020-03-25,Reeves,1
2020-03-25,Hunt,1
2020-03-25,Fayette,1
2020-03-25,Lavaca,1
2020-03-25,Nacogdoches,1
2020-03-25,Robertson,1
2020-03-25,Hopkins,1
2020-03-25,Gaines,1
2020-03-25,Bowie,1
2020-03-25,Burnet,1
2020-03-25,Fannin,1
2020-03-25,Val Verde,1
2020-03-25,Wilson,1
2020-03-25,Hood,1
2020-03-25,Coryell,1
2020-03-25,Angelina,1
2020-03-25,Van Zandt,1
2020-03-25,Orange,1
2020-03-25,Cass,1
2020-03-25,Erath,1
2020-03-25,Limestone,1
2020-03-25,Liberty,1
2020-03-25,Eastland,1
2020-03-25,Falls,1
2020-03-25,Medina,1
2020-03-25,Kendall,1
2020-03-25,Lamar,1
2020-03-25,Blanco,1
2020-03-25,Deaf Smith,1
2020-03-25,Waller,1
2020-03-25,Chambers,1
2020-03-25,Parker,1
2020-03-25,Walker,1
2020-03-25,Hale,1
2020-03-25,Maverick,1
2020-03-25,Morris,1
2020-03-25,Bastrop,1
2020-03-25,Crane,1
2020-03-26,Dallas,303
2020-03-26,Harris,203
2020-03-26,Travis,137
2020-03-26,Bexar,113
2020-03-26,Tarrant,100
2020-03-26,Collin,88
2020-03-26,Fort Bend,86
2020-03-26,Denton,83
2020-03-26,Montgomery,41
2020-03-26,Galveston,40
2020-03-26,Brazoria,39
2020-03-26,McLennan,33
2020-03-26,Brazos,28
2020-03-26,El Paso,28
2020-03-26,Williamson,27
2020-03-26,Lubbock,23
2020-03-26,Smith,21
2020-03-26,Bell,20
2020-03-26,Nueces,18
2020-03-26,Webb,13
2020-03-26,Hays,11
2020-03-26,Hidalgo,11
2020-03-26,Ellis,10
2020-03-26,Wichita,10
2020-03-26,Cameron,10
2020-03-26,Guadalupe,9
2020-03-26,Matagorda,9
2020-03-26,Comal,8
2020-03-26,Jefferson,7
2020-03-26,Castro,6
2020-03-26,Midland,6
2020-03-26,Hockley,5
2020-03-26,Gregg,4
2020-03-26,Terry,4
2020-03-26,Johnson,3
2020-03-26,Victoria,3
2020-03-26,Washington,3
2020-03-26,Brown,3
2020-03-26,Walker,3
2020-03-26,Kendall,3
2020-03-26,Wharton,3
2020-03-26,Potter,3
2020-03-26,Tom Green,2
2020-03-26,Rockwall,2
2020-03-26,DeWitt,2
2020-03-26,San Patricio,2
2020-03-26,Grimes,2
2020-03-26,Bastrop,2
2020-03-26,Atascosa,2
2020-03-26,Eastland,2
2020-03-26,Calhoun,2
2020-03-26,Rusk,2
2020-03-26,Milam,2
2020-03-26,Kaufman,2
2020-03-26,Llano,2
2020-03-26,Deaf Smith,2
2020-03-26,Randall,2
2020-03-26,Chambers,2
2020-03-26,Hardin,2
2020-03-26,Parker,2
2020-03-26,Grayson,2
2020-03-26,Crane,1
2020-03-26,Martin,1
2020-03-26,Austin,1
2020-03-26,Taylor,1
2020-03-26,Robertson,1
2020-03-26,Falls,1
2020-03-26,Harrison,1
2020-03-26,Hood,1
2020-03-26,Cass,1
2020-03-26,Dawson,1
2020-03-26,Bowie,1
2020-03-26,Young,1
2020-03-26,Oldham,1
2020-03-26,Medina,1
2020-03-26,Gaines,1
2020-03-26,Val Verde,1
2020-03-26,Cherokee,1
2020-03-26,Starr,1
2020-03-26,Hopkins,1
2020-03-26,Fannin,1
2020-03-26,Shelby,1
2020-03-26,Blanco,1
2020-03-26,Hale,1
2020-03-26,Swisher,1
2020-03-26,Maverick,1
2020-03-26,Burnet,1
2020-03-26,Karnes,1
2020-03-26,Lavaca,1
2020-03-26,Fayette,1
2020-03-26,Hunt,1
2020-03-26,Nacogdoches,1
2020-03-26,Reeves,1
2020-03-26,Lamar,1
2020-03-26,Morris,1
2020-03-26,Wilson,1
2020-03-26,Van Zandt,1
2020-03-26,Orange,1
2020-03-26,Erath,1
2020-03-26,Limestone,1
2020-03-26,Angelina,1
2020-03-26,Coryell,1
2020-03-26,Liberty,1
2020-03-27,Dallas,367
2020-03-27,Harris,229
2020-03-27,Travis,160
2020-03-27,Denton,137
2020-03-27,Collin,119
2020-03-27,Tarrant,114
2020-03-27,Bexar,113
2020-03-27,Fort Bend,101
2020-03-27,Brazoria,52
2020-03-27,Galveston,49
2020-03-27,Montgomery,47
2020-03-27,Williamson,34
2020-03-27,McLennan,33
2020-03-27,Brazos,31
2020-03-27,Lubbock,29
2020-03-27,El Paso,28
2020-03-27,Smith,27
2020-03-27,Bell,25
2020-03-27,Nueces,20
2020-03-27,Webb,19
2020-03-27,Hidalgo,18
2020-03-27,Wichita,15
2020-03-27,Hays,13
2020-03-27,Cameron,13
2020-03-27,Jefferson,12
2020-03-27,Ellis,10
2020-03-27,Matagorda,10
2020-03-27,Comal,9
2020-03-27,Guadalupe,8
2020-03-27,Midland,7
2020-03-27,Hockley,7
2020-03-27,Castro,7
2020-03-27,Johnson,6
2020-03-27,Eastland,4
2020-03-27,Val Verde,4
2020-03-27,Gregg,4
2020-03-27,Terry,4
2020-03-27,Hardin,4
2020-03-27,Kendall,4
2020-03-27,Rockwall,3
2020-03-27,Taylor,3
2020-03-27,DeWitt,3
2020-03-27,Victoria,3
2020-03-27,Randall,3
2020-03-27,Medina,3
2020-03-27,Wharton,3
2020-03-27,Brown,3
2020-03-27,Washington,3
2020-03-27,Dawson,3
2020-03-27,Tom Green,3
2020-03-27,Potter,3
2020-03-27,Calhoun,3
2020-03-27,Bastrop,2
2020-03-27,Walker,2
2020-03-27,Milam,2
2020-03-27,Bowie,2
2020-03-27,Oldham,2
2020-03-27,Grayson,2
2020-03-27,Starr,2
2020-03-27,Hood,2
2020-03-27,Rusk,2
2020-03-27,Deaf Smith,2
2020-03-27,Chambers,2
2020-03-27,Parker,2
2020-03-27,Kaufman,2
2020-03-27,San Patricio,2
2020-03-27,Grimes,2
2020-03-27,Atascosa,2
2020-03-27,Liberty,2
2020-03-27,Llano,2
2020-03-27,Austin,1
2020-03-27,Ector,1
2020-03-27,Cass,1
2020-03-27,Cherokee,1
2020-03-27,Burnet,1
2020-03-27,Jackson,1
2020-03-27,Martin,1
2020-03-27,Shelby,1
2020-03-27,Navarro,1
2020-03-27,Coryell,1
2020-03-27,Crane,1
2020-03-27,Angelina,1
2020-03-27,Gaines,1
2020-03-27,Swisher,1
2020-03-27,Blanco,1
2020-03-27,Falls,1
2020-03-27,Van Zandt,1
2020-03-27,Lamb,1
2020-03-27,Harrison,1
2020-03-27,Limestone,1
2020-03-27,Erath,1
2020-03-27,Orange,1
2020-03-27,Morris,1
2020-03-27,Yoakum,1
2020-03-27,Uvalde,1
2020-03-27,Fannin,1
2020-03-27,Hale,1
2020-03-27,Maverick,1
2020-03-27,Karnes,1
2020-03-27,Robertson,1
2020-03-27,Lamar,1
2020-03-27,Willacy,1
2020-03-27,Reeves,1
2020-03-27,Fayette,1
2020-03-27,Lavaca,1
2020-03-27,Montague,1
2020-03-27,Wilson,1
2020-03-27,Nacogdoches,1
2020-03-27,Hopkins,1
2020-03-27,Young,1
2020-03-27,Hunt,1
2020-03-28,Harris,445
2020-03-28,Dallas,439
2020-03-28,Travis,179
2020-03-28,Denton,148
2020-03-28,Bexar,140
2020-03-28,Tarrant,128
2020-03-28,Collin,128
2020-03-28,Fort Bend,105
2020-03-28,Montgomery,63
2020-03-28,Brazoria,61
2020-03-28,Galveston,60
2020-03-28,El Paso,42
2020-03-28,Lubbock,41
2020-03-28,Brazos,40
2020-03-28,Williamson,37
2020-03-28,McLennan,34
2020-03-28,Bell,28
2020-03-28,Smith,27
2020-03-28,Hidalgo,27
2020-03-28,Webb,25
2020-03-28,Wichita,23
2020-03-28,Nueces,21
2020-03-28,Cameron,20
2020-03-28,Ellis,13
2020-03-28,Hays,13
2020-03-28,Jefferson,12
2020-03-28,Midland,11
2020-03-28,Matagorda,11
2020-03-28,Comal,9
2020-03-28,Guadalupe,8
2020-03-28,Castro,8
2020-03-28,Johnson,8
2020-03-28,Hockley,7
2020-03-28,Taylor,7
2020-03-28,Hardin,6
2020-03-28,Kendall,6
2020-03-28,Washington,6
2020-03-28,Val Verde,5
2020-03-28,Parker,4
2020-03-28,Gregg,4
2020-03-28,Bastrop,4
2020-03-28,Eastland,4
2020-03-28,Terry,4
2020-03-28,Randall,3
2020-03-28,Chambers,3
2020-03-28,Medina,3
2020-03-28,Bowie,3
2020-03-28,Walker,3
2020-03-28,Potter,3
2020-03-28,Wharton,3
2020-03-28,Lavaca,3
2020-03-28,Hood,3
2020-03-28,DeWitt,3
2020-03-28,Victoria,3
2020-03-28,Rockwall,3
2020-03-28,Tom Green,3
2020-03-28,Calhoun,3
2020-03-28,Brown,3
2020-03-28,Dawson,3
2020-03-28,Llano,2
2020-03-28,Oldham,2
2020-03-28,Lynn,2
2020-03-28,Rusk,2
2020-03-28,Deaf Smith,2
2020-03-28,Grayson,2
2020-03-28,Liberty,2
2020-03-28,Atascosa,2
2020-03-28,Burnet,2
2020-03-28,Wilson,2
2020-03-28,Grimes,2
2020-03-28,Milam,2
2020-03-28,San Patricio,2
2020-03-28,Starr,2
2020-03-28,Cass,2
2020-03-28,Kaufman,2
2020-03-28,Robertson,2
2020-03-28,Lamar,1
2020-03-28,Morris,1
2020-03-28,Karnes,1
2020-03-28,Harrison,1
2020-03-28,Fayette,1
2020-03-28,Fannin,1
2020-03-28,Uvalde,1
2020-03-28,Andrews,1
2020-03-28,Orange,1
2020-03-28,Limestone,1
2020-03-28,Caldwell,1
2020-03-28,Lamb,1
2020-03-28,Falls,1
2020-03-28,Burleson,1
2020-03-28,Blanco,1
2020-03-28,Swisher,1
2020-03-28,Navarro,1
2020-03-28,Shelby,1
2020-03-28,Hill,1
2020-03-28,Kleberg,1
2020-03-28,Cherokee,1
2020-03-28,Ector,1
2020-03-28,Austin,1
2020-03-28,Gaines,1
2020-03-28,Polk,1
2020-03-28,Hunt,1
2020-03-28,Young,1
2020-03-28,Comanche,1
2020-03-28,Nacogdoches,1
2020-03-28,Hopkins,1
2020-03-28,Jackson,1
2020-03-28,Martin,1
2020-03-28,Coryell,1
2020-03-28,Angelina,1
2020-03-28,Van Zandt,1
2020-03-28,Erath,1
2020-03-28,Willacy,1
2020-03-28,Montague,1
2020-03-28,Hale,1
2020-03-28,Maverick,1
2020-03-28,Crane,1
2020-03-28,San Jacinto,1
2020-03-29,Harris,526
2020-03-29,Dallas,488
2020-03-29,Travis,200
2020-03-29,Denton,165
2020-03-29,Bexar,157
2020-03-29,Tarrant,139
2020-03-29,Collin,134
2020-03-29,Fort Bend,119
2020-03-29,Galveston,70
2020-03-29,Montgomery,65
2020-03-29,Brazoria,61
2020-03-29,Brazos,44
2020-03-29,El Paso,42
2020-03-29,Lubbock,41
2020-03-29,Williamson,37
2020-03-29,McLennan,34
2020-03-29,Smith,31
2020-03-29,Webb,30
2020-03-29,Wichita,28
2020-03-29,Bell,28
2020-03-29,Hidalgo,28
2020-03-29,Nueces,22
2020-03-29,Cameron,20
2020-03-29,Jefferson,16
2020-03-29,Ellis,13
2020-03-29,Hays,13
2020-03-29,Midland,13
2020-03-29,Matagorda,11
2020-03-29,Guadalupe,10
2020-03-29,Comal,9
2020-03-29,Taylor,9
2020-03-29,Hardin,9
2020-03-29,Johnson,8
2020-03-29,Castro,8
2020-03-29,Kendall,7
2020-03-29,Hockley,7
2020-03-29,Victoria,6
2020-03-29,Randall,6
2020-03-29,Washington,6
2020-03-29,Calhoun,5
2020-03-29,Tom Green,5
2020-03-29,Potter,5
2020-03-29,Ector,5
2020-03-29,Val Verde,5
2020-03-29,Bastrop,5
2020-03-29,Terry,4
2020-03-29,Parker,4
2020-03-29,Gregg,4
2020-03-29,Eastland,4
2020-03-29,Chambers,3
2020-03-29,Wharton,3
2020-03-29,Angelina,3
2020-03-29,Lamar,3
2020-03-29,DeWitt,3
2020-03-29,Walker,3
2020-03-29,Medina,3
2020-03-29,Rockwall,3
2020-03-29,Brown,3
2020-03-29,De Witt,3
2020-03-29,Erath,3
2020-03-29,Dawson,3
2020-03-29,Bowie,3
2020-03-29,Grayson,3
2020-03-29,Llano,2
2020-03-29,Milam,2
2020-03-29,Crane,2
2020-03-29,Lynn,2
2020-03-29,Deaf Smith,2
2020-03-29,Karnes,2
2020-03-29,Hood,2
2020-03-29,Cass,2
2020-03-29,Robertson,2
2020-03-29,Starr,2
2020-03-29,Wilson,2
2020-03-29,Kaufman,2
2020-03-29,Nacogdoches,2
2020-03-29,San Patricio,2
2020-03-29,Liberty,2
2020-03-29,Atascosa,2
2020-03-29,Austin,2
2020-03-29,Burnet,2
2020-03-29,Rusk,2
2020-03-29,Grimes,2
2020-03-29,Oldham,2
2020-03-29,Morris,1
2020-03-29,Harrison,1
2020-03-29,Henderson,1
2020-03-29,Lavaca,1
2020-03-29,Fayette,1
2020-03-29,Fannin,1
2020-03-29,Uvalde,1
2020-03-29,Franklin,1
2020-03-29,Orange,1
2020-03-29,Limestone,1
2020-03-29,Caldwell,1
2020-03-29,Lamb,1
2020-03-29,Falls,1
2020-03-29,Burleson,1
2020-03-29,Blanco,1
2020-03-29,Swisher,1
2020-03-29,Navarro,1
2020-03-29,Shelby,1
2020-03-29,Hill,1
2020-03-29,Kleberg,1
2020-03-29,Cherokee,1
2020-03-29,Gaines,1
2020-03-29,Polk,1
2020-03-29,Hunt,1
2020-03-29,Young,1
2020-03-29,Comanche,1
2020-03-29,Hopkins,1
2020-03-29,Jackson,1
2020-03-29,Martin,1
2020-03-29,Coryell,1
2020-03-29,Van Zandt,1
2020-03-29,Willacy,1
2020-03-29,Montague,1
2020-03-29,Hale,1
2020-03-29,Maverick,1
2020-03-29,San Jacinto,1
2020-03-29,Andrews,0
2020-03-30,Dallas,549
2020-03-30,Harris,309
2020-03-30,Harris,254
2020-03-30,Tarrant,238
2020-03-30,Travis,206
2020-03-30,Denton,191
2020-03-30,Bexar,168
2020-03-30,Collin,160
2020-03-30,Fort Bend,138
2020-03-30,Galveston,92
2020-03-30,Montgomery,81
2020-03-30,Brazoria,79
2020-03-30,Lubbock,77
2020-03-30,Brazos,46
2020-03-30,El Paso,46
2020-03-30,Williamson,42
2020-03-30,Hidalgo,38
2020-03-30,McLennan,36
2020-03-30,Bell,36
2020-03-30,Webb,35
2020-03-30,Smith,32
2020-03-30,Nueces,31
2020-03-30,Wichita,30
2020-03-30,Hays,24
2020-03-30,Matagorda,21
2020-03-30,Cameron,20
2020-03-30,Jefferson,18
2020-03-30,Ellis,15
2020-03-30,Midland,13
2020-03-30,Guadalupe,13
2020-03-30,Comal,11
2020-03-30,Taylor,11
2020-03-30,Hardin,9
2020-03-30,Castro,8
2020-03-30,Washington,8
2020-03-30,Johnson,8
2020-03-30,Hockley,7
2020-03-30,Grayson,7
2020-03-30,Ector,7
2020-03-30,Kendall,7
2020-03-30,El PasoFort Bliss,7
2020-03-30,DeWitt,6
2020-03-30,Bastrop,6
2020-03-30,Tom Green,6
2020-03-30,Victoria,6
2020-03-30,Calhoun,6
2020-03-30,Randall,6
2020-03-30,Wharton,6
2020-03-30,Gregg,5
2020-03-30,Potter,5
2020-03-30,Chambers,5
2020-03-30,Val Verde,5
2020-03-30,Orange,5
2020-03-30,Parker,4
2020-03-30,Eastland,4
2020-03-30,Bowie,4
2020-03-30,Rockwall,4
2020-03-30,Terry,4
2020-03-30,Polk,4
2020-03-30,Angelina,4
2020-03-30,Burnet,3
2020-03-30,Brown,3
2020-03-30,Dawson,3
2020-03-30,Lamar,3
2020-03-30,Llano,3
2020-03-30,Rusk,3
2020-03-30,Medina,3
2020-03-30,Walker,3
2020-03-30,Navarro,3
2020-03-30,Waller,3
2020-03-30,Hood,3
2020-03-30,Erath,3
2020-03-30,Kaufman,3
2020-03-30,Hunt,3
2020-03-30,Uvalde,2
2020-03-30,Starr,2
2020-03-30,Limestone,2
2020-03-30,Crane,2
2020-03-30,Robertson,2
2020-03-30,Deaf Smith,2
2020-03-30,Upshur,2
2020-03-30,Shelby,2
2020-03-30,Oldham,2
2020-03-30,Cass,2
2020-03-30,Aransas,2
2020-03-30,San Patricio,2
2020-03-30,Austin,2
2020-03-30,Lynn,2
2020-03-30,Comanche,2
2020-03-30,Nacogdoches,2
2020-03-30,Hopkins,2
2020-03-30,Wilson,2
2020-03-30,Van Zandt,2
2020-03-30,Grimes,2
2020-03-30,Milam,2
2020-03-30,Atascosa,2
2020-03-30,Liberty,2
2020-03-30,Karnes,2
2020-03-30,Willacy,2
2020-03-30,Young,1
2020-03-30,Lavaca,1
2020-03-30,Fayette,1
2020-03-30,Jackson,1
2020-03-30,Martin,1
2020-03-30,Gaines,1
2020-03-30,Jasper,1
2020-03-30,Franklin,1
2020-03-30,Coryell,1
2020-03-30,Cherokee,1
2020-03-30,Harrison,1
2020-03-30,Kleberg,1
2020-03-30,Hill,1
2020-03-30,Newton,1
2020-03-30,Hale,1
2020-03-30,Maverick,1
2020-03-30,Leon,1
2020-03-30,Swisher,1
2020-03-30,Blanco,1
2020-03-30,Tyler,1
2020-03-30,Burleson,1
2020-03-30,Morris,1
2020-03-30,Falls,1
2020-03-30,Lamb,1
2020-03-30,Caldwell,1
2020-03-30,Wise,1
2020-03-30,Montague,1
2020-03-30,Moore,1
2020-03-30,San Jacinto,1
2020-03-30,Henderson,1
2020-03-30,Fannin,1
2020-03-30,Andrews,0
2020-03-31,Dallas,631
2020-03-31,Harris,377
2020-03-31,Harris,303
2020-03-31,Tarrant,273
2020-03-31,Travis,244
2020-03-31,Bexar,207
2020-03-31,Denton,206
2020-03-31,Fort Bend,163
2020-03-31,Collin,160
2020-03-31,Galveston,106
2020-03-31,Lubbock,100
2020-03-31,Brazoria,95
2020-03-31,Montgomery,93
2020-03-31,Brazos,53
2020-03-31,Williamson,50
2020-03-31,El Paso,50
2020-03-31,Hidalgo,46
2020-03-31,Webb,45
2020-03-31,Bell,44
2020-03-31,McLennan,44
2020-03-31,Wichita,38
2020-03-31,Hays,38
2020-03-31,Smith,36
2020-03-31,Nueces,34
2020-03-31,Matagorda,27
2020-03-31,Cameron,26
2020-03-31,Ellis,20
2020-03-31,Jefferson,18
2020-03-31,Midland,16
2020-03-31,Victoria,15
2020-03-31,Guadalupe,15
2020-03-31,Taylor,14
2020-03-31,Hardin,12
2020-03-31,Ector,11
2020-03-31,Comal,11
2020-03-31,Randall,10
2020-03-31,Bowie,9
2020-03-31,Tom Green,9
2020-03-31,Washington,9
2020-03-31,Potter,8
2020-03-31,Castro,8
2020-03-31,Chambers,8
2020-03-31,Johnson,8
2020-03-31,El PasoFort Bliss,7
2020-03-31,Calhoun,7
2020-03-31,Grayson,7
2020-03-31,Hockley,7
2020-03-31,Kendall,7
2020-03-31,DeWitt,6
2020-03-31,Hood,6
2020-03-31,Wharton,6
2020-03-31,Bastrop,6
2020-03-31,Val Verde,5
2020-03-31,Rockwall,5
2020-03-31,Angelina,5
2020-03-31,Gregg,5
2020-03-31,Erath,5
2020-03-31,Orange,5
2020-03-31,Terry,4
2020-03-31,Parker,4
2020-03-31,Eastland,4
2020-03-31,Polk,4
2020-03-31,Hunt,4
2020-03-31,Wilson,3
2020-03-31,Medina,3
2020-03-31,Waller,3
2020-03-31,Lamar,3
2020-03-31,Navarro,3
2020-03-31,Walker,3
2020-03-31,Llano,3
2020-03-31,Brown,3
2020-03-31,Dawson,3
2020-03-31,Burnet,3
2020-03-31,Rusk,3
2020-03-31,Kaufman,3
2020-03-31,Grimes,3
2020-03-31,Limestone,2
2020-03-31,Colorado,2
2020-03-31,Deaf Smith,2
2020-03-31,Starr,2
2020-03-31,Uvalde,2
2020-03-31,Shelby,2
2020-03-31,Cherokee,2
2020-03-31,Cass,2
2020-03-31,San Patricio,2
2020-03-31,Austin,2
2020-03-31,Robertson,2
2020-03-31,Crane,2
2020-03-31,Lynn,2
2020-03-31,Upshur,2
2020-03-31,Comanche,2
2020-03-31,Nacogdoches,2
2020-03-31,Oldham,2
2020-03-31,Hopkins,2
2020-03-31,Fayette,2
2020-03-31,Van Zandt,2
2020-03-31,Atascosa,2
2020-03-31,Liberty,2
2020-03-31,Milam,2
2020-03-31,Willacy,2
2020-03-31,Karnes,2
2020-03-31,Jackson,1
2020-03-31,Live Oak,1
2020-03-31,Henderson,1
2020-03-31,Martin,1
2020-03-31,Young,1
2020-03-31,Coryell,1
2020-03-31,Gaines,1
2020-03-31,Donley,1
2020-03-31,Jasper,1
2020-03-31,San Augustine,1
2020-03-31,Burleson,1
2020-03-31,Falls,1
2020-03-31,Lamb,1
2020-03-31,Gillespie,1
2020-03-31,Franklin,1
2020-03-31,Panola,1
2020-03-31,San Jacinto,1
2020-03-31,Kleberg,1
2020-03-31,Hale,1
2020-03-31,Hill,1
2020-03-31,Harrison,1
2020-03-31,Newton,1
2020-03-31,Maverick,1
2020-03-31,Fannin,1
2020-03-31,Kerr,1
2020-03-31,Morris,1
2020-03-31,Anderson,1
2020-03-31,Caldwell,1
2020-03-31,Leon,1
2020-03-31,Swisher,1
2020-03-31,Blanco,1
2020-03-31,Wise,1
2020-03-31,Montague,1
2020-03-31,Wood,1
2020-03-31,Tyler,1
2020-03-31,Moore,1
2020-03-31,Lavaca,1
2020-03-31,Aransas,0
2020-03-31,Andrews,0
2020-04-01,Dallas,731
2020-04-01,Harris,458
2020-04-01,Harris,389
2020-04-01,Travis,305
2020-04-01,Tarrant,288
2020-04-01,Denton,231
2020-04-01,Bexar,229
2020-04-01,Fort Bend,194
2020-04-01,Collin,184
2020-04-01,Galveston,118
2020-04-01,Montgomery,110
2020-04-01,Lubbock,100
2020-04-01,Brazoria,95
2020-04-01,Brazos,63
2020-04-01,Hidalgo,62
2020-04-01,Williamson,50
2020-04-01,El Paso,50
2020-04-01,Bell,46
2020-04-01,Webb,45
2020-04-01,McLennan,44
2020-04-01,Wichita,43
2020-04-01,Smith,42
2020-04-01,Hays,42
2020-04-01,Nueces,34
2020-04-01,Matagorda,32
2020-04-01,Jefferson,27
2020-04-01,Cameron,26
2020-04-01,Victoria,20
2020-04-01,Ellis,20
2020-04-01,Guadalupe,17
2020-04-01,Washington,17
2020-04-01,Randall,17
2020-04-01,Midland,16
2020-04-01,Potter,16
2020-04-01,Taylor,14
2020-04-01,Hardin,13
2020-04-01,Comal,12
2020-04-01,Johnson,12
2020-04-01,Ector,11
2020-04-01,Tom Green,9
2020-04-01,Rockwall,9
2020-04-01,Bowie,9
2020-04-01,Chambers,9
2020-04-01,Grayson,8
2020-04-01,Gregg,8
2020-04-01,Castro,8
2020-04-01,Calhoun,8
2020-04-01,Bastrop,8
2020-04-01,Hockley,7
2020-04-01,El PasoFort Bliss,7
2020-04-01,Kendall,7
2020-04-01,Orange,7
2020-04-01,Wharton,7
2020-04-01,Erath,7
2020-04-01,Hood,6
2020-04-01,DeWitt,6
2020-04-01,Walker,5
2020-04-01,Cherokee,5
2020-04-01,Angelina,5
2020-04-01,Rusk,5
2020-04-01,Val Verde,5
2020-04-01,Polk,4
2020-04-01,Shelby,4
2020-04-01,Hunt,4
2020-04-01,Eastland,4
2020-04-01,Parker,4
2020-04-01,Terry,4
2020-04-01,Kaufman,4
2020-04-01,Starr,4
2020-04-01,Nacogdoches,4
2020-04-01,Fayette,4
2020-04-01,Uvalde,4
2020-04-01,Navarro,4
2020-04-01,Dawson,3
2020-04-01,Hopkins,3
2020-04-01,Panola,3
2020-04-01,Waller,3
2020-04-01,Lamar,3
2020-04-01,Young,3
2020-04-01,Cass,3
2020-04-01,Burnet,3
2020-04-01,Brown,3
2020-04-01,Jasper,3
2020-04-01,Llano,3
2020-04-01,Liberty,3
2020-04-01,Wilson,3
2020-04-01,Medina,3
2020-04-01,Grimes,3
2020-04-01,Harrison,3
2020-04-01,Limestone,2
2020-04-01,Colorado,2
2020-04-01,Leon,2
2020-04-01,Deaf Smith,2
2020-04-01,Hill,2
2020-04-01,San Patricio,2
2020-04-01,Austin,2
2020-04-01,Lynn,2
2020-04-01,Robertson,2
2020-04-01,Comanche,2
2020-04-01,Upshur,2
2020-04-01,Oldham,2
2020-04-01,Van Zandt,2
2020-04-01,Atascosa,2
2020-04-01,Milam,2
2020-04-01,Willacy,2
2020-04-01,Karnes,2
2020-04-01,Crane,2
2020-04-01,Coryell,1
2020-04-01,Gonzales,1
2020-04-01,Henderson,1
2020-04-01,Donley,1
2020-04-01,San Augustine,1
2020-04-01,Moore,1
2020-04-01,Gaines,1
2020-04-01,Hale,1
2020-04-01,Maverick,1
2020-04-01,Burleson,1
2020-04-01,Gillespie,1
2020-04-01,Falls,1
2020-04-01,Clay,1
2020-04-01,Lamb,1
2020-04-01,Fannin,1
2020-04-01,Kerr,1
2020-04-01,Kleberg,1
2020-04-01,Caldwell,1
2020-04-01,Morris,1
2020-04-01,Anderson,1
2020-04-01,Newton,1
2020-04-01,Wood,1
2020-04-01,Wise,1
2020-04-01,Montague,1
2020-04-01,Camp,1
2020-04-01,Swisher,1
2020-04-01,Franklin,1
2020-04-01,Blanco,1
2020-04-01,Lavaca,1
2020-04-01,Live Oak,1
2020-04-01,Jackson,1
2020-04-01,Tyler,1
2020-04-01,San Jacinto,1
2020-04-01,Martin,1
2020-04-01,Andrews,0
2020-04-01,Aransas,0
2020-04-02,Martin,1
2020-04-02,Matagorda,35
2020-04-02,Maverick,3
2020-04-02,McLennan,48
2020-04-02,Medina,3
2020-04-02,Midland,19
2020-04-02,Milam,2
2020-04-02,Montague,1
2020-04-02,Montgomery,119
2020-04-02,Moore,6
2020-04-02,Morris,1
2020-04-02,Navarro,4
2020-04-02,Newton,1
2020-04-02,Nueces,41
2020-04-02,Oldham,2
2020-04-02,Orange,7
2020-04-02,Panola,4
2020-04-02,Parker,4
2020-04-02,Polk,6
2020-04-02,Potter,16
2020-04-02,Randall,17
2020-04-02,Robertson,2
2020-04-02,Rockwall,10
2020-04-02,Rusk,7
2020-04-02,San Augustine,4
2020-04-02,San Jacinto,1
2020-04-02,San Patricio,2
2020-04-02,Shelby,8
2020-04-02,Smith,53
2020-04-02,Starr,5
2020-04-02,Swisher,1
2020-04-02,Tarrant,325
2020-04-02,Taylor,18
2020-04-02,Terry,4
2020-04-02,Tom Green,10
2020-04-02,Travis,351
2020-04-02,Tyler,2
2020-04-02,Upshur,3
2020-04-02,Uvalde,4
2020-04-02,Val Verde,5
2020-04-02,Van Zandt,3
2020-04-02,Victoria,27
2020-04-02,Walker,7
2020-04-02,Waller,5
2020-04-02,Washington,17
2020-04-02,Webb,65
2020-04-02,Wharton,9
2020-04-02,Wichita,44
2020-04-02,Willacy,3
2020-04-02,Williamson,63
2020-04-02,Wilson,5
2020-04-02,Wise,3
2020-04-02,Wood,1
2020-04-02,Young,3
2020-04-02,Nacogdoches,11
2020-04-02,Anderson,1
2020-04-02,Angelina,8
2020-04-02,Atascosa,2
2020-04-02,Austin,4
2020-04-02,Bastrop,10
2020-04-02,Bell,51
2020-04-02,Bexar,254
2020-04-02,Blanco,1
2020-04-02,Bowie,9
2020-04-02,Brazoria,123
2020-04-02,Brazos,68
2020-04-02,Brown,4
2020-04-02,Burleson,1
2020-04-02,Burnet,4
2020-04-02,Caldwell,1
2020-04-02,Calhoun,8
2020-04-02,Cameron,37
2020-04-02,Camp,1
2020-04-02,Cass,4
2020-04-02,Castro,8
2020-04-02,Chambers,9
2020-04-02,Cherokee,6
2020-04-02,Clay,1
2020-04-02,Collin,207
2020-04-02,Colorado,2
2020-04-02,Comal,15
2020-04-02,Comanche,1
2020-04-02,Coryell,1
2020-04-02,Crane,2
2020-04-02,Dallas,831
2020-04-02,Dawson,5
2020-04-02,Deaf Smith,2
2020-04-02,Denton,254
2020-04-02,DeWitt,4
2020-04-02,Donley,1
2020-04-02,Eastland,3
2020-04-02,Ector,15
2020-04-02,El Paso,78
2020-04-02,El PasoFort Bliss,7
2020-04-02,Ellis,26
2020-04-02,Erath,8
2020-04-02,Falls,1
2020-04-02,Fannin,1
2020-04-02,Fayette,4
2020-04-02,Fort Bend,221
2020-04-02,Franklin,1
2020-04-02,Gaines,1
2020-04-02,Galveston,130
2020-04-02,Gillespie,1
2020-04-02,Gonzales,1
2020-04-02,Grayson,11
2020-04-02,Gregg,13
2020-04-02,Grimes,3
2020-04-02,Guadalupe,20
2020-04-02,Hale,6
2020-04-02,Hardin,14
2020-04-02,Harris,506
2020-04-02,Harris,449
2020-04-02,Harrison,5
2020-04-02,Hays,45
2020-04-02,Henderson,1
2020-04-02,Hidalgo,79
2020-04-02,Hill,3
2020-04-02,Hockley,7
2020-04-02,Hood,6
2020-04-02,Hopkins,3
2020-04-02,Hunt,4
2020-04-02,Jackson,2
2020-04-02,Jasper,3
2020-04-02,Jefferson,31
2020-04-02,Johnson,17
2020-04-02,Karnes,2
2020-04-02,Kaufman,5
2020-04-02,Kendall,8
2020-04-02,Kerr,1
2020-04-02,Kleberg,2
2020-04-02,Lamar,3
2020-04-02,Lamb,1
2020-04-02,Lavaca,1
2020-04-02,Leon,2
2020-04-02,Liberty,3
2020-04-02,Limestone,3
2020-04-02,Live Oak,3
2020-04-02,Llano,3
2020-04-02,Lubbock,117
2020-04-02,Lynn,3
2020-04-02,Reeves,1
2020-04-02,Titus,1
2020-04-02,Hemphill,1
2020-04-02,Goliad,1
2020-04-02,Gray,2
2020-04-02,Jim Wells,1
2020-04-02,Lee,1
2020-04-02,Palo Pinto,1
2020-04-03,Anderson,1
2020-04-03,Andrews,1
2020-04-03,Angelina,10
2020-04-03,Atascosa,2
2020-04-03,Austin,4
2020-04-03,Bastrop,10
2020-04-03,Bell,51
2020-04-03,Bexar,342
2020-04-03,Blanco,1
2020-04-03,Bowie,10
2020-04-03,Brazoria,136
2020-04-03,Brazos,72
2020-04-03,Brown,4
2020-04-03,Burleson,1
2020-04-03,Burnet,4
2020-04-03,Caldwell,2
2020-04-03,Calhoun,8
2020-04-03,Cameron,55
2020-04-03,Camp,1
2020-04-03,Cass,4
2020-04-03,Castro,11
2020-04-03,Chambers,11
2020-04-03,Cherokee,6
2020-04-03,Clay,1
2020-04-03,Collin,227
2020-04-03,Colorado,4
2020-04-03,Comal,18
2020-04-03,Comanche,1
2020-04-03,Coryell,2
2020-04-03,Crane,2
2020-04-03,Dallas,921
2020-04-03,Dawson,5
2020-04-03,Deaf Smith,3
2020-04-03,Denton,273
2020-04-03,DeWitt,6
2020-04-03,Donley,5
2020-04-03,Eastland,3
2020-04-03,Ector,22
2020-04-03,Ellis,27
2020-04-03,El Paso,78
2020-04-03,El PasoFort Bliss,7
2020-04-03,Erath,9
2020-04-03,Falls,1
2020-04-03,Fannin,2
2020-04-03,Fayette,10
2020-04-03,Fort Bend,255
2020-04-03,Franklin,1
2020-04-03,Gaines,1
2020-04-03,Galveston,136
2020-04-03,Gillespie,1
2020-04-03,Goliad,1
2020-04-03,Gonzales,1
2020-04-03,Gray,3
2020-04-03,Grayson,12
2020-04-03,Gregg,16
2020-04-03,Grimes,3
2020-04-03,Guadalupe,23
2020-04-03,Hale,6
2020-04-03,Hardin,15
2020-04-03,Harris,587
2020-04-03,Harris,519
2020-04-03,Harrison,5
2020-04-03,Hays,47
2020-04-03,Hemphill,1
2020-04-03,Henderson,1
2020-04-03,Hidalgo,79
2020-04-03,Hill,3
2020-04-03,Hockley,7
2020-04-03,Hood,8
2020-04-03,Hopkins,3
2020-04-03,Hunt,8
2020-04-03,Jackson,3
2020-04-03,Jasper,3
2020-04-03,Jefferson,40
2020-04-03,Jim Wells,1
2020-04-03,Johnson,18
2020-04-03,Karnes,2
2020-04-03,Kaufman,9
2020-04-03,Kendall,8
2020-04-03,Kerr,2
2020-04-03,Kleberg,1
2020-04-03,Lamar,3
2020-04-03,Lamb,1
2020-04-03,Lampasas,1
2020-04-03,Lavaca,1
2020-04-03,Lee,2
2020-04-03,Leon,2
2020-04-03,Liberty,5
2020-04-03,Limestone,3
2020-04-03,Live Oak,3
2020-04-03,Llano,3
2020-04-03,Lubbock,138
2020-04-03,Lynn,3
2020-04-03,Martin,1
2020-04-03,Matagorda,36
2020-04-03,Maverick,4
2020-04-03,McLennan,49
2020-04-03,Medina,3
2020-04-03,Midland,22
2020-04-03,Milam,2
2020-04-03,Montague,1
2020-04-03,Montgomery,130
2020-04-03,Moore,6
2020-04-03,Morris,1
2020-04-03,Nacogdoches,13
2020-04-03,Navarro,5
2020-04-03,Newton,1
2020-04-03,Nueces,47
2020-04-03,Oldham,2
2020-04-03,Orange,7
2020-04-03,Palo Pinto,1
2020-04-03,Panola,4
2020-04-03,Parker,5
2020-04-03,Polk,7
2020-04-03,Potter,24
2020-04-03,Randall,24
2020-04-03,Reeves,1
2020-04-03,Robertson,2
2020-04-03,Rockwall,10
2020-04-03,Rusk,11
2020-04-03,San Augustine,4
2020-04-03,San Jacinto,1
2020-04-03,San Patricio,3
2020-04-03,Shelby,10
2020-04-03,Smith,57
2020-04-03,Starr,5
2020-04-03,Swisher,1
2020-04-03,Tarrant,383
2020-04-03,Taylor,23
2020-04-03,Terry,4
2020-04-03,Titus,1
2020-04-03,Tom Green,17
2020-04-03,Travis,430
2020-04-03,Trinity,1
2020-04-03,Tyler,2
2020-04-03,Upshur,3
2020-04-03,Uvalde,4
2020-04-03,Val Verde,5
2020-04-03,Van Zandt,3
2020-04-03,Victoria,32
2020-04-03,Walker,5
2020-04-03,Waller,7
2020-04-03,Washington,17
2020-04-03,Webb,83
2020-04-03,Wharton,9
2020-04-03,Wichita,46
2020-04-03,Willacy,3
2020-04-03,Williamson,71
2020-04-03,Wilson,6
2020-04-03,Wise,3
2020-04-03,Wood,1
2020-04-03,Young,3
2020-04-04,Anderson,1
2020-04-04,Andrews,1
2020-04-04,Angelina,10
2020-04-04,Aransas,1
2020-04-04,Atascosa,2
2020-04-04,Austin,4
2020-04-04,Bastrop,10
2020-04-04,Bell,58
2020-04-04,Bexar,384
2020-04-04,Blanco,2
2020-04-04,Bowie,17
2020-04-04,Brazoria,144
2020-04-04,Brazos,75
2020-04-04,Brown,6
2020-04-04,Burleson,2
2020-04-04,Burnet,4
2020-04-04,Caldwell,3
2020-04-04,Calhoun,11
2020-04-04,Cameron,62
2020-04-04,Camp,1
2020-04-04,Cass,4
2020-04-04,Castro,11
2020-04-04,Chambers,11
2020-04-04,Cherokee,6
2020-04-04,Clay,1
2020-04-04,Collin,268
2020-04-04,Colorado,2
2020-04-04,Comal,21
2020-04-04,Comanche,2
2020-04-04,Coryell,4
2020-04-04,Crane,2
2020-04-04,Dallas,1105
2020-04-04,Dawson,5
2020-04-04,Deaf Smith,3
2020-04-04,Denton,288
2020-04-04,DeWitt,6
2020-04-04,Donley,5
2020-04-04,Eastland,3
2020-04-04,Ector,22
2020-04-04,Ellis,29
2020-04-04,El Paso,106
2020-04-04,El PasoFort Bliss,7
2020-04-04,Erath,9
2020-04-04,Falls,1
2020-04-04,Fannin,2
2020-04-04,Fayette,10
2020-04-04,Fort Bend,268
2020-04-04,Franklin,1
2020-04-04,Gaines,1
2020-04-04,Galveston,222
2020-04-04,Gillespie,2
2020-04-04,Goliad,1
2020-04-04,Gonzales,1
2020-04-04,Gray,5
2020-04-04,Grayson,12
2020-04-04,Gregg,16
2020-04-04,Grimes,3
2020-04-04,Guadalupe,26
2020-04-04,Hale,6
2020-04-04,Hardin,15
2020-04-04,Harris,690
2020-04-04,Harris,594
2020-04-04,Harrison,6
2020-04-04,Hays,50
2020-04-04,Hemphill,1
2020-04-04,Henderson,2
2020-04-04,Hidalgo,86
2020-04-04,Hill,5
2020-04-04,Hockley,7
2020-04-04,Hood,9
2020-04-04,Hopkins,4
2020-04-04,Hunt,8
2020-04-04,Hutchinson,2
2020-04-04,Jackson,3
2020-04-04,Jasper,3
2020-04-04,Jefferson,58
2020-04-04,Jim Wells,2
2020-04-04,Johnson,21
2020-04-04,Karnes,2
2020-04-04,Kaufman,10
2020-04-04,Kendall,9
2020-04-04,Kerr,2
2020-04-04,Kleberg,2
2020-04-04,Lamar,5
2020-04-04,Lamb,1
2020-04-04,Lampasas,1
2020-04-04,Lavaca,2
2020-04-04,Lee,2
2020-04-04,Leon,2
2020-04-04,Liberty,5
2020-04-04,Limestone,3
2020-04-04,Live Oak,3
2020-04-04,Llano,3
2020-04-04,Lubbock,151
2020-04-04,Lynn,3
2020-04-04,Martin,1
2020-04-04,Mason,1
2020-04-04,Matagorda,39
2020-04-04,Maverick,4
2020-04-04,McLennan,50
2020-04-04,Medina,3
2020-04-04,Midland,24
2020-04-04,Milam,2
2020-04-04,Montague,1
2020-04-04,Montgomery,142
2020-04-04,Moore,6
2020-04-04,Morris,1
2020-04-04,Nacogdoches,16
2020-04-04,Navarro,5
2020-04-04,Newton,1
2020-04-04,Nueces,50
2020-04-04,Oldham,2
2020-04-04,Orange,7
2020-04-04,Palo Pinto,1
2020-04-04,Panola,4
2020-04-04,Parker,6
2020-04-04,Polk,7
2020-04-04,Potter,40
2020-04-04,Randall,34
2020-04-04,Reeves,1
2020-04-04,Robertson,2
2020-04-04,Rockwall,11
2020-04-04,Rusk,12
2020-04-04,San Augustine,4
2020-04-04,San Jacinto,1
2020-04-04,San Patricio,4
2020-04-04,Shelby,12
2020-04-04,Smith,57
2020-04-04,Starr,5
2020-04-04,Swisher,1
2020-04-04,Tarrant,404
2020-04-04,Taylor,27
2020-04-04,Terry,4
2020-04-04,Titus,1
2020-04-04,Tom Green,20
2020-04-04,Travis,460
2020-04-04,Trinity,2
2020-04-04,Tyler,2
2020-04-04,Upshur,3
2020-04-04,Uvalde,4
2020-04-04,Val Verde,5
2020-04-04,Van Zandt,4
2020-04-04,Victoria,32
2020-04-04,Walker,8
2020-04-04,Waller,8
2020-04-04,Washington,17
2020-04-04,Webb,98
2020-04-04,Wharton,9
2020-04-04,Wichita,46
2020-04-04,Willacy,5
2020-04-04,Williamson,76
2020-04-04,Wilson,6
2020-04-04,Wise,3
2020-04-04,Wood,1
2020-04-04,Young,3
2020-04-05,Anderson,1
2020-04-05,Andrews,6
2020-04-05,Angelina,10
2020-04-05,Aransas,1
2020-04-05,Atascosa,2
2020-04-05,Austin,5
2020-04-05,Bastrop,10
2020-04-05,Bell,58
2020-04-05,Bexar,410
2020-04-05,Blanco,2
2020-04-05,Bowie,17
2020-04-05,Brazoria,144
2020-04-05,Brazos,94
2020-04-05,Brown,6
2020-04-05,Burleson,2
2020-04-05,Burnet,4
2020-04-05,Caldwell,3
2020-04-05,Calhoun,11
2020-04-05,Cameron,77
2020-04-05,Camp,1
2020-04-05,Cass,4
2020-04-05,Castro,11
2020-04-05,Chambers,11
2020-04-05,Cherokee,6
2020-04-05,Clay,3
2020-04-05,Collin,287
2020-04-05,Colorado,2
2020-04-05,Comal,21
2020-04-05,Comanche,2
2020-04-05,Coryell,5
2020-04-05,Crane,2
2020-04-05,Dallas,1112
2020-04-05,Dawson,7
2020-04-05,Deaf Smith,5
2020-04-05,Denton,304
2020-04-05,DeWitt,7
2020-04-05,Donley,7
2020-04-05,Eastland,3
2020-04-05,Ector,26
2020-04-05,Ellis,32
2020-04-05,El Paso,115
2020-04-05,El PasoFort Bliss,7
2020-04-05,Erath,10
2020-04-05,Falls,1
2020-04-05,Fannin,2
2020-04-05,Fayette,11
2020-04-05,Fort Bend,280
2020-04-05,Franklin,1
2020-04-05,Gaines,1
2020-04-05,Galveston,240
2020-04-05,Gillespie,2
2020-04-05,Goliad,1
2020-04-05,Gonzales,1
2020-04-05,Gray,5
2020-04-05,Grayson,12
2020-04-05,Gregg,16
2020-04-05,Grimes,3
2020-04-05,Guadalupe,28
2020-04-05,Hale,7
2020-04-05,Hardin,26
2020-04-05,Harris,743
2020-04-05,Harris,652
2020-04-05,Harrison,6
2020-04-05,Hays,54
2020-04-05,Hemphill,1
2020-04-05,Henderson,2
2020-04-05,Hidalgo,99
2020-04-05,Hill,5
2020-04-05,Hockley,10
2020-04-05,Hood,9
2020-04-05,Hopkins,4
2020-04-05,Hunt,8
2020-04-05,Hutchinson,2
2020-04-05,Jackson,3
2020-04-05,Jasper,3
2020-04-05,Jefferson,58
2020-04-05,Jim Wells,2
2020-04-05,Johnson,23
2020-04-05,Karnes,2
2020-04-05,Kaufman,10
2020-04-05,Kendall,10
2020-04-05,Kerr,2
2020-04-05,Kleberg,2
2020-04-05,Lamar,5
2020-04-05,Lamb,1
2020-04-05,Lampasas,1
2020-04-05,Lavaca,2
2020-04-05,Lee,2
2020-04-05,Leon,2
2020-04-05,Liberty,6
2020-04-05,Limestone,3
2020-04-05,Live Oak,3
2020-04-05,Llano,3
2020-04-05,Lubbock,154
2020-04-05,Lynn,3
2020-04-05,Martin,1
2020-04-05,Mason,1
2020-04-05,Matagorda,41
2020-04-05,Maverick,4
2020-04-05,McLennan,51
2020-04-05,Medina,4
2020-04-05,Midland,24
2020-04-05,Milam,3
2020-04-05,Montague,1
2020-04-05,Montgomery,149
2020-04-05,Moore,6
2020-04-05,Morris,1
2020-04-05,Nacogdoches,18
2020-04-05,Navarro,6
2020-04-05,Newton,1
2020-04-05,Nueces,53
2020-04-05,Oldham,2
2020-04-05,Orange,22
2020-04-05,Palo Pinto,1
2020-04-05,Panola,4
2020-04-05,Parker,6
2020-04-05,Polk,7
2020-04-05,Potter,40
2020-04-05,Randall,34
2020-04-05,Reeves,1
2020-04-05,Robertson,2
2020-04-05,Rockwall,11
2020-04-05,Rusk,12
2020-04-05,San Augustine,4
2020-04-05,San Jacinto,1
2020-04-05,San Patricio,5
2020-04-05,Shelby,12
2020-04-05,Smith,62
2020-04-05,Starr,6
2020-04-05,Swisher,1
2020-04-05,Tarrant,418
2020-04-05,Taylor,31
2020-04-05,Terry,4
2020-04-05,Titus,1
2020-04-05,Tom Green,21
2020-04-05,Travis,484
2020-04-05,Trinity,2
2020-04-05,Tyler,2
2020-04-05,Upshur,3
2020-04-05,Uvalde,4
2020-04-05,Val Verde,5
2020-04-05,Van Zandt,5
2020-04-05,Victoria,32
2020-04-05,Walker,10
2020-04-05,Waller,8
2020-04-05,Washington,19
2020-04-05,Webb,106
2020-04-05,Wharton,13
2020-04-05,Wichita,47
2020-04-05,Willacy,5
2020-04-05,Williamson,77
2020-04-05,Wilson,6
2020-04-05,Wise,3
2020-04-05,Wood,3
2020-04-05,Young,3
2020-04-06,Anderson,1
2020-04-06,Andrews,6
2020-04-06,Angelina,14
2020-04-06,Aransas,2
2020-04-06,Atascosa,4
2020-04-06,Austin,5
2020-04-06,Bastrop,11
2020-04-06,Bell,68
2020-04-06,Bexar,456
2020-04-06,Blanco,4
2020-04-06,Bowie,14
2020-04-06,Brazoria,167
2020-04-06,Brazos,94
2020-04-06,Brown,6
2020-04-06,Burleson,2
2020-04-06,Burnet,4
2020-04-06,Caldwell,4
2020-04-06,Calhoun,12
2020-04-06,Cameron,87
2020-04-06,Camp,1
2020-04-06,Cass,3
2020-04-06,Castro,11
2020-04-06,Chambers,11
2020-04-06,Cherokee,6
2020-04-06,Clay,1
2020-04-06,Collin,306
2020-04-06,Colorado,2
2020-04-06,Comal,22
2020-04-06,Comanche,2
2020-04-06,Coryell,5
2020-04-06,Crane,2
2020-04-06,Crosby,1
2020-04-06,Dallam,1
2020-04-06,Dallas,1155
2020-04-06,Dawson,7
2020-04-06,Deaf Smith,7
2020-04-06,Denton,337
2020-04-06,DeWitt,7
2020-04-06,Donley,7
2020-04-06,Eastland,3
2020-04-06,Ector,26
2020-04-06,Ellis,29
2020-04-06,El Paso,125
2020-04-06,El PasoFort Bliss,7
2020-04-06,Erath,11
2020-04-06,Falls,1
2020-04-06,Fannin,2
2020-04-06,Fayette,9
2020-04-06,Fort Bend,318
2020-04-06,Franklin,1
2020-04-06,Gaines,1
2020-04-06,Galveston,256
2020-04-06,Gillespie,3
2020-04-06,Goliad,3
2020-04-06,Gonzales,1
2020-04-06,Gray,9
2020-04-06,Grayson,13
2020-04-06,Gregg,23
2020-04-06,Grimes,3
2020-04-06,Guadalupe,28
2020-04-06,Hale,7
2020-04-06,Hamilton,1
2020-04-06,Hansford,1
2020-04-06,Hardin,26
2020-04-06,Harris,1145
2020-04-06,Harris,664
2020-04-06,Harrison,11
2020-04-06,Hays,59
2020-04-06,Hemphill,1
2020-04-06,Henderson,6
2020-04-06,Hidalgo,113
2020-04-06,Hill,5
2020-04-06,Hockley,10
2020-04-06,Hood,9
2020-04-06,Hopkins,4
2020-04-06,Hunt,1
2020-04-06,Hutchinson,2
2020-04-06,Jackson,3
2020-04-06,Jasper,3
2020-04-06,Jefferson,59
2020-04-06,Jim Wells,2
2020-04-06,Johnson,21
2020-04-06,Karnes,2
2020-04-06,Kaufman,9
2020-04-06,Kendall,9
2020-04-06,Kerr,2
2020-04-06,Kleberg,2
2020-04-06,Lamar,6
2020-04-06,Lamb,1
2020-04-06,Lampasas,2
2020-04-06,Lavaca,2
2020-04-06,Lee,2
2020-04-06,Leon,2
2020-04-06,Liberty,6
2020-04-06,Limestone,3
2020-04-06,Live Oak,3
2020-04-06,Llano,2
2020-04-06,Lubbock,180
2020-04-06,Lynn,3
2020-04-06,Martin,2
2020-04-06,Mason,1
2020-04-06,Matagorda,42
2020-04-06,Maverick,5
2020-04-06,McLennan,53
2020-04-06,Medina,4
2020-04-06,Midland,24
2020-04-06,Milam,3
2020-04-06,Montague,1
2020-04-06,Montgomery,161
2020-04-06,Moore,8
2020-04-06,Morris,1
2020-04-06,Nacogdoches,21
2020-04-06,Navarro,4
2020-04-06,Newton,1
2020-04-06,Nueces,59
2020-04-06,Oldham,3
2020-04-06,Orange,22
2020-04-06,Palo Pinto,1
2020-04-06,Panola,4
2020-04-06,Parker,6
2020-04-06,Pecos,1
2020-04-06,Polk,8
2020-04-06,Potter,41
2020-04-06,Randall,36
2020-04-06,Reeves,1
2020-04-06,Robertson,2
2020-04-06,Rockwall,10
2020-04-06,Rusk,13
2020-04-06,San Augustine,4
2020-04-06,San Jacinto,1
2020-04-06,San Patricio,2
2020-04-06,Shelby,12
2020-04-06,Smith,75
2020-04-06,Starr,7
2020-04-06,Swisher,2
2020-04-06,Tarrant,452
2020-04-06,Taylor,31
2020-04-06,Terry,4
2020-04-06,Titus,2
2020-04-06,Tom Green,24
2020-04-06,Travis,502
2020-04-06,Trinity,2
2020-04-06,Tyler,2
2020-04-06,Upshur,5
2020-04-06,Uvalde,5
2020-04-06,Val Verde,6
2020-04-06,Van Zandt,7
2020-04-06,Victoria,35
2020-04-06,Walker,10
2020-04-06,Waller,9
2020-04-06,Washington,19
2020-04-06,Webb,122
2020-04-06,Wharton,13
2020-04-06,Wichita,48
2020-04-06,Willacy,5
2020-04-06,Williamson,81
2020-04-06,Wilson,6
2020-04-06,Wise,3
2020-04-06,Wood,3
2020-04-06,Young,3
2020-04-06,Zapata,1
2020-04-07,Anderson,2
2020-04-07,Andrews,10
2020-04-07,Angelina,14
2020-04-07,Aransas,2
2020-04-07,Atascosa,5
2020-04-07,Austin,6
2020-04-07,Bastrop,15
2020-04-07,Bell,71
2020-04-07,Bexar,503
2020-04-07,Blanco,4
2020-04-07,Bowie,17
2020-04-07,Brazoria,173
2020-04-07,Brazos,97
2020-04-07,Brown,6
2020-04-07,Burleson,5
2020-04-07,Burnet,5
2020-04-07,Caldwell,5
2020-04-07,Calhoun,12
2020-04-07,Callahan,1
2020-04-07,Cameron,101
2020-04-07,Camp,2
2020-04-07,Cass,4
2020-04-07,Castro,11
2020-04-07,Chambers,19
2020-04-07,Cherokee,6
2020-04-07,Clay,1
2020-04-07,Collin,343
2020-04-07,Colorado,6
2020-04-07,Comal,27
2020-04-07,Comanche,3
2020-04-07,Coryell,11
2020-04-07,Crane,2
2020-04-07,Crosby,1
2020-04-07,Dallam,1
2020-04-07,Dallas,1261
2020-04-07,Dawson,7
2020-04-07,Deaf Smith,7
2020-04-07,Denton,366
2020-04-07,DeWitt,7
2020-04-07,Donley,7
2020-04-07,Eastland,3
2020-04-07,Ector,30
2020-04-07,Ellis,35
2020-04-07,El Paso,153
2020-04-07,Erath,11
2020-04-07,Falls,1
2020-04-07,Fannin,2
2020-04-07,Fayette,9
2020-04-07,Floyd,1
2020-04-07,Fort Bend,318
2020-04-07,Franklin,1
2020-04-07,Gaines,1
2020-04-07,Galveston,272
2020-04-07,Gillespie,1
2020-04-07,Goliad,3
2020-04-07,Gonzales,1
2020-04-07,Gray,9
2020-04-07,Grayson,14
2020-04-07,Gregg,32
2020-04-07,Grimes,4
2020-04-07,Guadalupe,39
2020-04-07,Hale,7
2020-04-07,Hamilton,1
2020-04-07,Hansford,1
2020-04-07,Hardin,28
2020-04-07,Harris,1320
2020-04-07,Harris,826
2020-04-07,Harrison,11
2020-04-07,Hays,61
2020-04-07,Hemphill,1
2020-04-07,Henderson,4
2020-04-07,Hidalgo,128
2020-04-07,Hill,5
2020-04-07,Hockley,10
2020-04-07,Hood,10
2020-04-07,Hopkins,4
2020-04-07,Hunt,14
2020-04-07,Hutchinson,2
2020-04-07,Jackson,4
2020-04-07,Jasper,3
2020-04-07,Jefferson,78
2020-04-07,Jim Wells,2
2020-04-07,Johnson,24
2020-04-07,Karnes,2
2020-04-07,Kaufman,14
2020-04-07,Kendall,9
2020-04-07,Kerr,2
2020-04-07,Kleberg,2
2020-04-07,Knox,1
2020-04-07,Lamar,6
2020-04-07,Lamb,1
2020-04-07,Lampasas,2
2020-04-07,Lavaca,2
2020-04-07,Lee,2
2020-04-07,Leon,2
2020-04-07,Liberty,13
2020-04-07,Limestone,6
2020-04-07,Live Oak,3
2020-04-07,Llano,3
2020-04-07,Lubbock,191
2020-04-07,Lynn,4
2020-04-07,Martin,2
2020-04-07,Mason,1
2020-04-07,Matagorda,42
2020-04-07,Maverick,5
2020-04-07,McCulloch,1
2020-04-07,McLennan,56
2020-04-07,Medina,6
2020-04-07,Midland,27
2020-04-07,Milam,3
2020-04-07,Mitchell,1
2020-04-07,Montague,1
2020-04-07,Montgomery,197
2020-04-07,Moore,9
2020-04-07,Morris,1
2020-04-07,Nacogdoches,25
2020-04-07,Navarro,4
2020-04-07,Newton,1
2020-04-07,Nueces,65
2020-04-07,Oldham,3
2020-04-07,Orange,26
2020-04-07,Palo Pinto,2
2020-04-07,Panola,4
2020-04-07,Parker,6
2020-04-07,Pecos,1
2020-04-07,Polk,8
2020-04-07,Potter,47
2020-04-07,Randall,40
2020-04-07,Reeves,1
2020-04-07,Robertson,2
2020-04-07,Rockwall,11
2020-04-07,Rusk,14
2020-04-07,San Augustine,4
2020-04-07,San Jacinto,1
2020-04-07,San Patricio,2
2020-04-07,Shelby,13
2020-04-07,Smith,79
2020-04-07,Starr,7
2020-04-07,Swisher,2
2020-04-07,Tarrant,517
2020-04-07,Taylor,38
2020-04-07,Terry,6
2020-04-07,Titus,2
2020-04-07,Tom Green,25
2020-04-07,Travis,554
2020-04-07,Trinity,2
2020-04-07,Tyler,2
2020-04-07,Upshur,5
2020-04-07,Uvalde,5
2020-04-07,Val Verde,6
2020-04-07,Van Zandt,7
2020-04-07,Victoria,59
2020-04-07,Walker,15
2020-04-07,Waller,11
2020-04-07,Washington,24
2020-04-07,Webb,135
2020-04-07,Wharton,18
2020-04-07,Wichita,48
2020-04-07,Willacy,5
2020-04-07,Williamson,87
2020-04-07,Wilson,7
2020-04-07,Wise,3
2020-04-07,Wood,4
2020-04-07,Young,3
2020-04-07,Zapata,1
2020-04-08,Anderson,2
2020-04-08,Andrews,10
2020-04-08,Angelina,15
2020-04-08,Aransas,2
2020-04-08,Atascosa,5
2020-04-08,Austin,7
2020-04-08,Bandera,1
2020-04-08,Bastrop,18
2020-04-08,Bee,1
2020-04-08,Bell,74
2020-04-08,Bexar,554
2020-04-08,Blanco,4
2020-04-08,Bowie,20
2020-04-08,Brazoria,184
2020-04-08,Brazos,108
2020-04-08,Brown,8
2020-04-08,Burleson,5
2020-04-08,Burnet,5
2020-04-08,Caldwell,5
2020-04-08,Calhoun,12
2020-04-08,Callahan,1
2020-04-08,Cameron,108
2020-04-08,Camp,3
2020-04-08,Cass,4
2020-04-08,Castro,11
2020-04-08,Chambers,22
2020-04-08,Cherokee,6
2020-04-08,Clay,1
2020-04-08,Collin,378
2020-04-08,Colorado,6
2020-04-08,Comal,29
2020-04-08,Comanche,3
2020-04-08,Coryell,12
2020-04-08,Crane,2
2020-04-08,Crosby,1
2020-04-08,Dallam,1
2020-04-08,Dallas,1324
2020-04-08,Dawson,7
2020-04-08,Deaf Smith,7
2020-04-08,Denton,398
2020-04-08,DeWitt,7
2020-04-08,Dickens,1
2020-04-08,Donley,13
2020-04-08,Eastland,3
2020-04-08,Ector,34
2020-04-08,Ellis,41
2020-04-08,El Paso,153
2020-04-08,Erath,11
2020-04-08,Falls,1
2020-04-08,Fannin,4
2020-04-08,Fayette,9
2020-04-08,Floyd,1
2020-04-08,Fort Bend,417
2020-04-08,Franklin,1
2020-04-08,Frio,1
2020-04-08,Gaines,1
2020-04-08,Galveston,287
2020-04-08,Gillespie,1
2020-04-08,Goliad,3
2020-04-08,Gonzales,1
2020-04-08,Gray,11
2020-04-08,Grayson,15
2020-04-08,Gregg,32
2020-04-08,Grimes,6
2020-04-08,Guadalupe,45
2020-04-08,Hale,7
2020-04-08,Hamilton,2
2020-04-08,Hansford,1
2020-04-08,Hardin,41
2020-04-08,Harris,1380
2020-04-08,Harris,961
2020-04-08,Harrison,12
2020-04-08,Hays,77
2020-04-08,Hemphill,1
2020-04-08,Henderson,6
2020-04-08,Hidalgo,139
2020-04-08,Hill,6
2020-04-08,Hockley,10
2020-04-08,Hood,10
2020-04-08,Hopkins,4
2020-04-08,Hunt,14
2020-04-08,Hutchinson,2
2020-04-08,Jackson,4
2020-04-08,Jasper,3
2020-04-08,Jefferson,78
2020-04-08,Jim Wells,2
2020-04-08,Johnson,25
2020-04-08,Jones,2
2020-04-08,Karnes,2
2020-04-08,Kaufman,16
2020-04-08,Kendall,9
2020-04-08,Kerr,2
2020-04-08,Kleberg,2
2020-04-08,Knox,1
2020-04-08,Lamar,6
2020-04-08,Lamb,1
2020-04-08,Lampasas,2
2020-04-08,Lavaca,3
2020-04-08,Lee,2
2020-04-08,Leon,2
2020-04-08,Liberty,15
2020-04-08,Limestone,6
2020-04-08,Live Oak,3
2020-04-08,Llano,3
2020-04-08,Lubbock,214
2020-04-08,Lynn,4
2020-04-08,Madison,1
2020-04-08,Martin,2
2020-04-08,Mason,1
2020-04-08,Matagorda,44
2020-04-08,Maverick,7
2020-04-08,McLennan,62
2020-04-08,Medina,7
2020-04-08,Midland,30
2020-04-08,Milam,7
2020-04-08,Mitchell,1
2020-04-08,Montague,1
2020-04-08,Montgomery,210
2020-04-08,Moore,9
2020-04-08,Morris,1
2020-04-08,Nacogdoches,25
2020-04-08,Navarro,4
2020-04-08,Newton,1
2020-04-08,Nueces,69
2020-04-08,Oldham,3
2020-04-08,Orange,29
2020-04-08,Palo Pinto,3
2020-04-08,Panola,7
2020-04-08,Parker,6
2020-04-08,Pecos,1
2020-04-08,Polk,8
2020-04-08,Potter,47
2020-04-08,Rains,1
2020-04-08,Randall,40
2020-04-08,Reeves,1
2020-04-08,Robertson,2
2020-04-08,Rockwall,14
2020-04-08,Rusk,14
2020-04-08,San Augustine,7
2020-04-08,San Jacinto,3
2020-04-08,San Patricio,7
2020-04-08,Shelby,17
2020-04-08,Smith,82
2020-04-08,Starr,7
2020-04-08,Swisher,2
2020-04-08,Tarrant,588
2020-04-08,Taylor,43
2020-04-08,Terry,6
2020-04-08,Titus,4
2020-04-08,Tom Green,25
2020-04-08,Travis,597
2020-04-08,Trinity,2
2020-04-08,Tyler,4
2020-04-08,Upshur,6
2020-04-08,Uvalde,5
2020-04-08,Val Verde,7
2020-04-08,Van Zandt,7
2020-04-08,Victoria,59
2020-04-08,Walker,15
2020-04-08,Waller,11
2020-04-08,Washington,26
2020-04-08,Webb,155
2020-04-08,Wharton,18
2020-04-08,Wichita,50
2020-04-08,Willacy,7
2020-04-08,Williamson,97
2020-04-08,Wilson,8
2020-04-08,Wise,3
2020-04-08,Wood,4
2020-04-08,Young,3
2020-04-08,Zapata,1
2020-04-09,Anderson,2
2020-04-09,Andrews,10
2020-04-09,Angelina,16
2020-04-09,Aransas,2
2020-04-09,Atascosa,5
2020-04-09,Austin,7
2020-04-09,Bandera,1
2020-04-09,Bastrop,23
2020-04-09,Bee,1
2020-04-09,Bell,84
2020-04-09,Bexar,615
2020-04-09,Blanco,4
2020-04-09,Bowie,23
2020-04-09,Brazoria,199
2020-04-09,Brazos,114
2020-04-09,Brown,8
2020-04-09,Burleson,5
2020-04-09,Burnet,5
2020-04-09,Caldwell,5
2020-04-09,Calhoun,13
2020-04-09,Callahan,1
2020-04-09,Cameron,118
2020-04-09,Camp,3
2020-04-09,Cass,4
2020-04-09,Castro,11
2020-04-09,Chambers,24
2020-04-09,Cherokee,6
2020-04-09,Clay,1
2020-04-09,Collin,406
2020-04-09,Colorado,6
2020-04-09,Comal,34
2020-04-09,Comanche,3
2020-04-09,Coryell,17
2020-04-09,Crane,2
2020-04-09,Crosby,1
2020-04-09,Dallam,1
2020-04-09,Dallas,1432
2020-04-09,Dawson,7
2020-04-09,Deaf Smith,7
2020-04-09,Delta,1
2020-04-09,Denton,426
2020-04-09,DeWitt,8
2020-04-09,Dickens,1
2020-04-09,Donley,14
2020-04-09,Eastland,3
2020-04-09,Ector,39
2020-04-09,Ellis,50
2020-04-09,El Paso,192
2020-04-09,Erath,13
2020-04-09,Falls,1
2020-04-09,Fannin,4
2020-04-09,Fayette,8
2020-04-09,Floyd,1
2020-04-09,Fort Bend,437
2020-04-09,Franklin,1
2020-04-09,Frio,1
2020-04-09,Gaines,1
2020-04-09,Galveston,308
2020-04-09,Gillespie,1
2020-04-09,Goliad,3
2020-04-09,Gonzales,2
2020-04-09,Gray,12
2020-04-09,Grayson,15
2020-04-09,Gregg,37
2020-04-09,Grimes,5
2020-04-09,Guadalupe,46
2020-04-09,Hale,9
2020-04-09,Hamilton,2
2020-04-09,Hansford,1
2020-04-09,Hardin,41
2020-04-09,Harris,1995
2020-04-09,Harris,1052
2020-04-09,Harrison,12
2020-04-09,Hays,79
2020-04-09,Hemphill,1
2020-04-09,Henderson,8
2020-04-09,Hidalgo,146
2020-04-09,Hill,6
2020-04-09,Hockley,12
2020-04-09,Hood,11
2020-04-09,Hopkins,4
2020-04-09,Howard,1
2020-04-09,Hunt,15
2020-04-09,Hutchinson,2
2020-04-09,Jack,1
2020-04-09,Jackson,4
2020-04-09,Jasper,6
2020-04-09,Jefferson,87
2020-04-09,Jim Wells,2
2020-04-09,Johnson,25
2020-04-09,Jones,2
2020-04-09,Karnes,2
2020-04-09,Kaufman,19
2020-04-09,Kendall,9
2020-04-09,Kerr,2
2020-04-09,Kleberg,2
2020-04-09,Knox,1
2020-04-09,Lamar,8
2020-04-09,Lamb,1
2020-04-09,Lampasas,2
2020-04-09,Lavaca,4
2020-04-09,Lee,2
2020-04-09,Leon,2
2020-04-09,Liberty,15
2020-04-09,Limestone,7
2020-04-09,Live Oak,3
2020-04-09,Llano,3
2020-04-09,Lubbock,234
2020-04-09,Lynn,5
2020-04-09,Madison,1
2020-04-09,Martin,2
2020-04-09,Mason,1
2020-04-09,Matagorda,45
2020-04-09,Maverick,7
2020-04-09,McCulloch,1
2020-04-09,McLennan,62
2020-04-09,Medina,9
2020-04-09,Midland,31
2020-04-09,Milam,7
2020-04-09,Mitchell,1
2020-04-09,Montague,1
2020-04-09,Montgomery,231
2020-04-09,Moore,15
2020-04-09,Morris,2
2020-04-09,Nacogdoches,31
2020-04-09,Navarro,10
2020-04-09,Newton,1
2020-04-09,Nueces,72
2020-04-09,Oldham,3
2020-04-09,Orange,30
2020-04-09,Palo Pinto,4
2020-04-09,Panola,7
2020-04-09,Parker,9
2020-04-09,Pecos,1
2020-04-09,Polk,8
2020-04-09,Potter,58
2020-04-09,Rains,1
2020-04-09,Randall,52
2020-04-09,Reeves,1
2020-04-09,Robertson,2
2020-04-09,Rockwall,14
2020-04-09,Rusk,14
2020-04-09,San Augustine,9
2020-04-09,San Jacinto,3
2020-04-09,San Patricio,7
2020-04-09,Shelby,23
2020-04-09,Smith,88
2020-04-09,Starr,7
2020-04-09,Swisher,2
2020-04-09,Tarrant,637
2020-04-09,Taylor,51
2020-04-09,Terry,7
2020-04-09,Titus,6
2020-04-09,Tom Green,32
2020-04-09,Travis,642
2020-04-09,Trinity,3
2020-04-09,Tyler,4
2020-04-09,Upshur,6
2020-04-09,Uvalde,6
2020-04-09,Val Verde,7
2020-04-09,Van Zandt,10
2020-04-09,Victoria,66
2020-04-09,Walker,15
2020-04-09,Waller,12
2020-04-09,Washington,31
2020-04-09,Webb,166
2020-04-09,Wharton,24
2020-04-09,Wichita,53
2020-04-09,Willacy,5
2020-04-09,Williamson,103
2020-04-09,Wilson,9
2020-04-09,Wise,3
2020-04-09,Wood,5
2020-04-09,Young,3
2020-04-09,Zapata,3
2020-04-10,Anderson,3
2020-04-10,Andrews,11
2020-04-10,Angelina,16
2020-04-10,Aransas,2
2020-04-10,Atascosa,7
2020-04-10,Austin,8
2020-04-10,Bandera,2
2020-04-10,Bastrop,23
2020-04-10,Bee,2
2020-04-10,Bell,84
2020-04-10,Bexar,615
2020-04-10,Blanco,4
2020-04-10,Bowie,29
2020-04-10,Brazoria,199
2020-04-10,Brazos,114
2020-04-10,Brown,8
2020-04-10,Burleson,6
2020-04-10,Burnet,6
2020-04-10,Caldwell,6
2020-04-10,Calhoun,14
2020-04-10,Callahan,1
2020-04-10,Cameron,147
2020-04-10,Camp,3
2020-04-10,Cass,4
2020-04-10,Castro,11
2020-04-10,Chambers,24
2020-04-10,Cherokee,6
2020-04-10,Clay,1
2020-04-10,Collin,406
2020-04-10,Colorado,6
2020-04-10,Comal,34
2020-04-10,Comanche,3
2020-04-10,Concho,1
2020-04-10,Cooke,1
2020-04-10,Coryell,18
2020-04-10,Crane,2
2020-04-10,Crosby,1
2020-04-10,Dallam,1
2020-04-10,Dallas,1537
2020-04-10,Dawson,7
2020-04-10,Deaf Smith,7
2020-04-10,Delta,1
2020-04-10,Denton,426
2020-04-10,DeWitt,8
2020-04-10,Dickens,1
2020-04-10,Donley,21
2020-04-10,Eastland,3
2020-04-10,Ector,39
2020-04-10,Ellis,58
2020-04-10,El Paso,225
2020-04-10,Erath,13
2020-04-10,Falls,1
2020-04-10,Fannin,5
2020-04-10,Fayette,9
2020-04-10,Floyd,1
2020-04-10,Fort Bend,485
2020-04-10,Franklin,1
2020-04-10,Frio,1
2020-04-10,Gaines,1
2020-04-10,Galveston,308
2020-04-10,Gillespie,1
2020-04-10,Goliad,4
2020-04-10,Gonzales,2
2020-04-10,Gray,12
2020-04-10,Grayson,17
2020-04-10,Gregg,37
2020-04-10,Grimes,6
2020-04-10,Guadalupe,47
2020-04-10,Hale,9
2020-04-10,Hamilton,2
2020-04-10,Hansford,1
2020-04-10,Hardin,41
2020-04-10,Harris,1995
2020-04-10,Harris,1052
2020-04-10,Harrison,12
2020-04-10,Hays,79
2020-04-10,Hemphill,1
2020-04-10,Henderson,8
2020-04-10,Hidalgo,146
2020-04-10,Hill,8
2020-04-10,Hockley,12
2020-04-10,Hood,12
2020-04-10,Hopkins,4
2020-04-10,Howard,1
2020-04-10,Hunt,15
2020-04-10,Hutchinson,2
2020-04-10,Jack,1
2020-04-10,Jackson,4
2020-04-10,Jasper,6
2020-04-10,Jefferson,94
2020-04-10,Jim Wells,2
2020-04-10,Johnson,27
2020-04-10,Jones,2
2020-04-10,Karnes,2
2020-04-10,Kaufman,24
2020-04-10,Kendall,10
2020-04-10,Kerr,2
2020-04-10,Kleberg,2
2020-04-10,Knox,1
2020-04-10,Lamar,8
2020-04-10,Lamb,1
2020-04-10,Lampasas,3
2020-04-10,Lavaca,4
2020-04-10,Lee,2
2020-04-10,Leon,3
2020-04-10,Liberty,16
2020-04-10,Limestone,9
2020-04-10,Live Oak,3
2020-04-10,Llano,3
2020-04-10,Lubbock,234
2020-04-10,Lynn,5
2020-04-10,Madison,1
2020-04-10,Martin,2
2020-04-10,Mason,1
2020-04-10,Matagorda,45
2020-04-10,Maverick,8
2020-04-10,McCulloch,2
2020-04-10,McLennan,66
2020-04-10,Medina,10
2020-04-10,Midland,31
2020-04-10,Milam,7
2020-04-10,Mitchell,1
2020-04-10,Montague,1
2020-04-10,Montgomery,231
2020-04-10,Moore,21
2020-04-10,Morris,3
2020-04-10,Nacogdoches,31
2020-04-10,Navarro,11
2020-04-10,Newton,1
2020-04-10,Nueces,72
2020-04-10,Oldham,3
2020-04-10,Orange,30
2020-04-10,Palo Pinto,4
2020-04-10,Panola,10
2020-04-10,Parker,11
2020-04-10,Pecos,1
2020-04-10,Polk,8
2020-04-10,Potter,59
2020-04-10,Rains,1
2020-04-10,Randall,56
2020-04-10,Reeves,1
2020-04-10,Robertson,2
2020-04-10,Rockwall,16
2020-04-10,Rusk,14
2020-04-10,San Augustine,9
2020-04-10,San Jacinto,3
2020-04-10,San Patricio,7
2020-04-10,Shelby,31
2020-04-10,Smith,88
2020-04-10,Starr,7
2020-04-10,Stephens,1
2020-04-10,Swisher,3
2020-04-10,Tarrant,705
2020-04-10,Taylor,51
2020-04-10,Terry,7
2020-04-10,Titus,6
2020-04-10,Tom Green,32
2020-04-10,Travis,642
2020-04-10,Trinity,3
2020-04-10,Tyler,4
2020-04-10,Upshur,6
2020-04-10,Uvalde,7
2020-04-10,Val Verde,8
2020-04-10,Van Zandt,10
2020-04-10,Victoria,73
2020-04-10,Walker,15
2020-04-10,Waller,13
2020-04-10,Washington,34
2020-04-10,Webb,166
2020-04-10,Wharton,24
2020-04-10,Wichita,53
2020-04-10,Willacy,5
2020-04-10,Williamson,103
2020-04-10,Wilson,10
2020-04-10,Winkler,1
2020-04-10,Wise,4
2020-04-10,Wood,5
2020-04-10,Young,3
2020-04-10,Zapata,3
